PO_ID,PO_Date,Supplier_ID,SKU_ID,Order_Qty,Expected_Date,Actual_Receipt_Date,Received_Qty,Unit_Cost,PO_Status,Lead_Time_Actual_Days
PO000001,2023-10-02,SUP006,SKU001,456,2023-10-14,2023-10-13,456,31750.0,RECEIVED,11.0
PO000002,2023-10-02,SUP006,SKU001,312,2023-10-14,2023-10-11,312,31750.0,RECEIVED,9.0
PO000003,2023-10-17,SUP006,SKU001,384,2023-10-29,2023-10-29,384,31750.0,RECEIVED,12.0
PO000004,2023-10-18,SUP006,SKU001,264,2023-10-30,2023-10-27,264,31750.0,RECEIVED,9.0
PO000005,2023-10-26,SUP006,SKU001,432,2023-11-07,2023-11-06,432,31750.0,RECEIVED,11.0
PO000006,2023-10-31,SUP006,SKU001,288,2023-11-12,2023-11-09,288,31750.0,RECEIVED,9.0
PO000007,2023-11-15,SUP006,SKU001,384,2023-11-27,,0,31750.0,CANCELLED,
PO000008,2023-11-16,SUP006,SKU001,432,2023-11-28,2023-11-25,432,31750.0,RECEIVED,9.0
PO000009,2023-11-20,SUP006,SKU001,264,2023-12-02,2023-11-30,264,31750.0,RECEIVED,10.0
PO000010,2023-11-30,SUP006,SKU001,384,2023-12-12,2023-12-11,384,31750.0,RECEIVED,11.0
PO000011,2023-12-06,SUP006,SKU001,264,2023-12-18,2023-12-21,264,31750.0,RECEIVED,15.0
PO000012,2023-12-16,SUP006,SKU001,408,2023-12-28,2023-12-27,408,31750.0,RECEIVED,11.0
PO000013,2023-12-22,SUP006,SKU001,264,2024-01-03,2024-01-02,264,31750.0,RECEIVED,11.0
PO000014,2023-12-31,SUP006,SKU001,360,2024-01-12,,0,31750.0,CANCELLED,
PO000015,2024-01-01,SUP006,SKU001,408,2024-01-13,,0,31750.0,CANCELLED,
PO000016,2024-01-02,SUP006,SKU001,432,2024-01-14,2024-01-18,432,31750.0,RECEIVED,16.0
PO000017,2024-01-08,SUP006,SKU001,264,2024-01-20,2024-01-25,264,31750.0,RECEIVED,17.0
PO000018,2024-01-22,SUP006,SKU001,360,2024-02-03,2024-02-07,228,31750.0,PARTIAL,16.0
PO000019,2024-01-30,SUP006,SKU001,264,2024-02-11,2024-02-09,264,31750.0,RECEIVED,10.0
PO000020,2024-02-07,SUP006,SKU001,336,2024-02-19,2024-02-17,336,31750.0,RECEIVED,10.0
PO000021,2024-02-15,SUP006,SKU001,264,2024-02-27,2024-02-24,264,31750.0,RECEIVED,9.0
PO000022,2024-02-22,SUP006,SKU001,408,2024-03-05,2024-03-05,408,31750.0,RECEIVED,12.0
PO000023,2024-03-07,SUP006,SKU001,264,2024-03-19,2024-03-19,264,31750.0,RECEIVED,12.0
PO000024,2024-03-12,SUP006,SKU001,312,2024-03-24,2024-03-24,312,31750.0,RECEIVED,12.0
PO000025,2024-03-25,SUP006,SKU001,264,2024-04-06,2024-04-03,264,31750.0,RECEIVED,9.0
PO000026,2024-03-27,SUP006,SKU001,336,2024-04-08,2024-04-06,336,31750.0,RECEIVED,10.0
PO000027,2024-04-09,SUP006,SKU001,360,2024-04-21,2024-04-19,360,31750.0,RECEIVED,10.0
PO000028,2024-04-09,SUP006,SKU001,264,2024-04-21,2024-04-20,264,31750.0,RECEIVED,11.0
PO000029,2024-04-23,SUP006,SKU001,264,2024-05-05,2024-05-02,264,31750.0,RECEIVED,9.0
PO000030,2024-04-24,SUP006,SKU001,360,2024-05-06,2024-05-04,360,31750.0,RECEIVED,10.0
PO000031,2024-05-08,SUP006,SKU001,408,2024-05-20,2024-05-21,408,31750.0,RECEIVED,13.0
PO000032,2024-05-08,SUP006,SKU001,264,2024-05-20,2024-05-19,264,31750.0,RECEIVED,11.0
PO000033,2024-05-23,SUP006,SKU001,264,2024-06-04,2024-06-08,264,31750.0,RECEIVED,16.0
PO000034,2024-05-29,SUP006,SKU001,384,2024-06-10,2024-06-12,384,31750.0,RECEIVED,14.0
PO000035,2024-06-15,SUP006,SKU001,264,2024-06-27,2024-06-24,264,31750.0,RECEIVED,9.0
PO000036,2024-06-18,SUP006,SKU001,360,2024-06-30,2024-07-02,360,31750.0,RECEIVED,14.0
PO000037,2024-07-06,SUP006,SKU001,264,2024-07-18,2024-07-18,264,31750.0,RECEIVED,12.0
PO000038,2024-07-08,SUP006,SKU001,312,2024-07-20,2024-07-17,312,31750.0,RECEIVED,9.0
PO000039,2024-07-20,SUP006,SKU001,336,2024-08-01,2024-08-03,336,31750.0,RECEIVED,14.0
PO000040,2024-07-22,SUP006,SKU001,264,2024-08-03,2024-08-06,264,31750.0,RECEIVED,15.0
PO000041,2024-08-06,SUP006,SKU001,384,2024-08-18,2024-08-17,384,31750.0,RECEIVED,11.0
PO000042,2024-08-09,SUP006,SKU001,264,2024-08-21,2024-08-21,187,31750.0,PARTIAL,12.0
PO000043,2024-08-20,SUP006,SKU001,384,2024-09-01,2024-08-30,384,31750.0,RECEIVED,10.0
PO000044,2024-08-24,SUP006,SKU001,264,2024-09-05,2024-09-03,264,31750.0,RECEIVED,10.0
PO000045,2024-09-05,SUP006,SKU001,408,2024-09-17,2024-09-15,408,31750.0,RECEIVED,10.0
PO000046,2024-09-09,SUP006,SKU001,264,2024-09-21,2024-09-18,264,31750.0,RECEIVED,9.0
PO000047,2024-09-18,SUP006,SKU001,408,2024-09-30,2024-09-27,408,31750.0,RECEIVED,9.0
PO000048,2024-09-24,SUP006,SKU001,264,2024-10-06,2024-10-11,264,31750.0,RECEIVED,17.0
PO000049,2024-10-03,SUP006,SKU001,408,2024-10-15,2024-10-22,408,31750.0,RECEIVED,19.0
PO000050,2024-10-17,SUP006,SKU001,264,2024-10-29,2024-10-30,264,31750.0,RECEIVED,13.0
PO000051,2024-10-24,SUP006,SKU001,408,2024-11-05,2024-11-12,408,31750.0,RECEIVED,19.0
PO000052,2024-11-05,SUP006,SKU001,264,2024-11-17,2024-11-19,264,31750.0,RECEIVED,14.0
PO000053,2024-11-15,SUP006,SKU001,408,2024-11-27,2024-11-27,408,31750.0,RECEIVED,12.0
PO000054,2024-11-23,SUP006,SKU001,264,2024-12-05,2024-12-04,264,31750.0,RECEIVED,11.0
PO000055,2024-12-04,SUP006,SKU001,408,2024-12-16,,0,31750.0,CANCELLED,
PO000056,2024-12-05,SUP006,SKU001,456,2024-12-17,2024-12-15,456,31750.0,RECEIVED,10.0
PO000057,2024-12-11,SUP006,SKU001,264,2024-12-23,2024-12-25,264,31750.0,RECEIVED,14.0
PO000058,2024-12-19,SUP006,SKU001,408,2024-12-31,2025-01-06,408,31750.0,RECEIVED,18.0
PO000059,2024-12-28,SUP006,SKU001,264,2025-01-09,2025-01-10,264,31750.0,RECEIVED,13.0
PO000060,2025-01-10,SUP006,SKU001,408,2025-01-22,2025-01-21,408,31750.0,RECEIVED,11.0
PO000061,2025-01-17,SUP006,SKU001,264,2025-01-29,2025-01-26,264,31750.0,RECEIVED,9.0
PO000062,2025-01-31,SUP006,SKU001,384,2025-02-12,2025-02-13,384,31750.0,RECEIVED,13.0
PO000063,2025-02-10,SUP006,SKU001,264,2025-02-22,2025-02-24,264,31750.0,RECEIVED,14.0
PO000064,2025-02-23,SUP006,SKU001,312,2025-03-07,2025-03-13,312,31750.0,RECEIVED,18.0
PO000065,2025-03-04,SUP006,SKU001,264,2025-03-16,2025-03-20,264,31750.0,RECEIVED,16.0
PO000066,2025-03-17,SUP006,SKU001,336,2025-03-29,2025-03-28,336,31750.0,RECEIVED,11.0
PO000067,2025-03-26,SUP006,SKU001,264,2025-04-07,2025-04-07,264,31750.0,RECEIVED,12.0
PO000068,2025-03-31,SUP006,SKU001,480,2025-04-12,2025-04-10,480,31750.0,RECEIVED,10.0
PO000069,2025-04-10,SUP006,SKU001,264,2025-04-22,2025-04-24,264,31750.0,RECEIVED,
PO000070,2025-04-18,SUP006,SKU001,408,2025-04-30,2025-05-02,408,31750.0,RECEIVED,14.0
PO000071,2025-05-01,SUP006,SKU001,264,2025-05-13,2025-05-17,264,31750.0,RECEIVED,16.0
PO000072,2025-05-09,SUP006,SKU001,360,2025-05-21,2025-05-18,360,31750.0,RECEIVED,9.0
PO000073,2025-05-21,SUP006,SKU001,336,2025-06-02,2025-06-09,336,31750.0,RECEIVED,19.0
PO000074,2025-05-22,SUP006,SKU001,264,2025-06-03,2025-05-31,264,31750.0,RECEIVED,9.0
PO000075,2025-05-27,SUP006,SKU001,384,2025-06-08,2025-06-06,384,31750.0,RECEIVED,10.0
PO000076,2025-06-04,SUP006,SKU001,264,2025-06-16,2025-06-15,264,31750.0,RECEIVED,11.0
PO000077,2025-06-17,SUP006,SKU001,408,2025-06-29,2025-06-29,408,31750.0,RECEIVED,12.0
PO000078,2025-06-18,SUP006,SKU001,264,2025-06-30,2025-06-27,264,31750.0,RECEIVED,9.0
PO000079,2025-06-30,SUP006,SKU001,432,2025-07-12,2025-07-09,432,31750.0,RECEIVED,9.0
PO000080,2025-06-30,SUP006,SKU001,264,2025-07-12,2025-07-22,183,31750.0,PARTIAL,22.0
PO000081,2025-07-15,SUP006,SKU001,456,2025-07-27,2025-07-28,265,31750.0,PARTIAL,13.0
PO000082,2025-07-23,SUP006,SKU001,360,2025-08-04,2025-08-02,360,31750.0,RECEIVED,10.0
PO000083,2025-07-30,SUP006,SKU001,504,2025-08-11,2025-08-10,504,31750.0,RECEIVED,11.0
PO000084,2025-08-11,SUP006,SKU001,288,2025-08-23,2025-08-25,288,31750.0,RECEIVED,14.0
PO000085,2025-08-19,SUP006,SKU001,528,2025-08-31,2025-09-02,528,31750.0,RECEIVED,14.0
PO000086,2025-08-29,SUP006,SKU001,312,2025-09-10,2025-09-09,312,31750.0,RECEIVED,11.0
PO000087,2025-09-13,SUP006,SKU001,480,2025-09-25,2025-09-22,480,31750.0,RECEIVED,9.0
PO000088,2025-09-18,SUP006,SKU001,288,2025-09-30,2025-10-04,0,31750.0,OPEN,16.0
PO000089,2023-10-10,SUP004,SKU002,624,2023-10-17,2023-10-16,624,21150.0,RECEIVED,6.0
PO000090,2023-10-13,SUP004,SKU002,384,2023-10-20,2023-10-25,384,21150.0,RECEIVED,12.0
PO000091,2023-10-18,SUP004,SKU002,624,2023-10-25,2023-10-24,624,21150.0,RECEIVED,6.0
PO000092,2023-10-26,SUP004,SKU002,384,2023-11-02,2023-11-02,384,21150.0,RECEIVED,7.0
PO000093,2023-10-28,SUP004,SKU002,576,2023-11-04,2023-11-05,576,21150.0,RECEIVED,8.0
PO000094,2023-11-03,SUP004,SKU002,384,2023-11-10,2023-11-08,384,21150.0,RECEIVED,5.0
PO000095,2023-11-06,SUP004,SKU002,624,2023-11-13,2023-11-13,624,21150.0,RECEIVED,7.0
PO000096,2023-11-14,SUP004,SKU002,576,2023-11-21,2023-11-20,576,21150.0,RECEIVED,6.0
PO000097,2023-11-14,SUP004,SKU002,384,2023-11-21,2023-11-23,384,21150.0,RECEIVED,9.0
PO000098,2023-11-22,SUP004,SKU002,576,2023-11-29,2023-11-28,576,21150.0,RECEIVED,6.0
PO000099,2023-11-23,SUP004,SKU002,384,2023-11-30,2023-12-04,384,21150.0,RECEIVED,11.0
PO000100,2023-12-01,SUP004,SKU002,624,2023-12-08,2023-12-07,624,21150.0,RECEIVED,6.0
PO000101,2023-12-04,SUP004,SKU002,384,2023-12-11,2023-12-11,384,21150.0,RECEIVED,7.0
PO000102,2023-12-11,SUP004,SKU002,624,2023-12-18,2023-12-17,624,21150.0,RECEIVED,6.0
PO000103,2023-12-14,SUP004,SKU002,384,2023-12-21,2023-12-24,384,21150.0,RECEIVED,10.0
PO000104,2023-12-19,SUP004,SKU002,624,2023-12-26,2023-12-26,624,21150.0,RECEIVED,7.0
PO000105,2023-12-25,SUP004,SKU002,432,2024-01-01,2024-01-01,432,21150.0,RECEIVED,7.0
PO000106,2023-12-26,SUP004,SKU002,624,2024-01-02,2024-01-02,624,21150.0,RECEIVED,7.0
PO000107,2024-01-02,SUP004,SKU002,672,2024-01-09,2024-01-09,672,21150.0,RECEIVED,7.0
PO000108,2024-01-02,SUP004,SKU002,432,2024-01-09,2024-01-07,432,21150.0,RECEIVED,5.0
PO000109,2024-01-11,SUP004,SKU002,624,2024-01-18,2024-01-26,624,21150.0,RECEIVED,15.0
PO000110,2024-01-11,SUP004,SKU002,384,2024-01-18,2024-01-19,384,21150.0,RECEIVED,8.0
PO000111,2024-01-22,SUP004,SKU002,384,2024-01-29,2024-02-06,223,21150.0,PARTIAL,15.0
PO000112,2024-01-26,SUP004,SKU002,624,2024-02-02,2024-01-31,624,21150.0,RECEIVED,5.0
PO000113,2024-02-05,SUP004,SKU002,624,2024-02-12,2024-02-12,624,21150.0,RECEIVED,7.0
PO000114,2024-02-06,SUP004,SKU002,384,2024-02-13,2024-02-12,384,21150.0,RECEIVED,6.0
PO000115,2024-02-15,SUP004,SKU002,672,2024-02-22,2024-02-22,672,21150.0,RECEIVED,7.0
PO000116,2024-02-16,SUP004,SKU002,384,2024-02-23,2024-02-23,384,21150.0,RECEIVED,7.0
PO000117,2024-02-24,SUP004,SKU002,576,2024-03-02,2024-03-04,576,21150.0,RECEIVED,9.0
PO000118,2024-02-28,SUP004,SKU002,384,2024-03-06,2024-03-04,384,21150.0,RECEIVED,5.0
PO000119,2024-03-05,SUP004,SKU002,672,2024-03-12,2024-03-11,672,21150.0,RECEIVED,6.0
PO000120,2024-03-07,SUP004,SKU002,384,2024-03-14,2024-03-13,384,21150.0,RECEIVED,6.0
PO000121,2024-03-12,SUP004,SKU002,624,2024-03-19,2024-03-28,624,21150.0,RECEIVED,16.0
PO000122,2024-03-16,SUP004,SKU002,384,2024-03-23,2024-03-22,384,21150.0,RECEIVED,6.0
PO000123,2024-03-25,SUP004,SKU002,384,2024-04-01,2024-04-04,384,21150.0,RECEIVED,10.0
PO000124,2024-03-26,SUP004,SKU002,624,2024-04-02,2024-04-06,624,21150.0,RECEIVED,11.0
PO000125,2024-04-03,SUP004,SKU002,672,2024-04-10,2024-04-09,672,21150.0,RECEIVED,6.0
PO000126,2024-04-06,SUP004,SKU002,432,2024-04-13,2024-04-20,432,21150.0,RECEIVED,14.0
PO000127,2024-04-12,SUP004,SKU002,720,2024-04-19,2024-04-18,720,21150.0,RECEIVED,6.0
PO000128,2024-04-23,SUP004,SKU002,768,2024-04-30,2024-04-29,768,21150.0,RECEIVED,6.0
PO000129,2024-04-23,SUP004,SKU002,432,2024-04-30,2024-04-30,432,21150.0,RECEIVED,7.0
PO000130,2024-05-02,SUP004,SKU002,720,2024-05-09,2024-05-08,720,21150.0,RECEIVED,6.0
PO000131,2024-05-02,SUP004,SKU002,432,2024-05-09,2024-05-11,432,21150.0,RECEIVED,9.0
PO000132,2024-05-13,SUP004,SKU002,720,2024-05-20,2024-05-20,720,21150.0,RECEIVED,7.0
PO000133,2024-05-16,SUP004,SKU002,432,2024-05-23,2024-05-22,432,21150.0,RECEIVED,6.0
PO000134,2024-05-22,SUP004,SKU002,720,2024-05-29,2024-05-31,720,21150.0,RECEIVED,9.0
PO000135,2024-05-27,SUP004,SKU002,432,2024-06-03,2024-06-03,432,21150.0,RECEIVED,7.0
PO000136,2024-06-01,SUP004,SKU002,672,2024-06-08,2024-06-13,672,21150.0,RECEIVED,12.0
PO000137,2024-06-07,SUP004,SKU002,384,2024-06-14,2024-06-14,384,21150.0,RECEIVED,7.0
PO000138,2024-06-13,SUP004,SKU002,672,2024-06-20,2024-06-20,672,21150.0,RECEIVED,7.0
PO000139,2024-06-18,SUP004,SKU002,384,2024-06-25,2024-06-24,384,21150.0,RECEIVED,6.0
PO000140,2024-06-22,SUP004,SKU002,624,2024-06-29,2024-06-28,624,21150.0,RECEIVED,6.0
PO000141,2024-06-26,SUP004,SKU002,384,2024-07-03,2024-07-01,384,21150.0,RECEIVED,5.0
PO000142,2024-07-01,SUP004,SKU002,672,2024-07-08,2024-07-07,672,21150.0,RECEIVED,6.0
PO000143,2024-07-05,SUP004,SKU002,432,2024-07-12,2024-07-11,432,21150.0,RECEIVED,6.0
PO000144,2024-07-08,SUP004,SKU002,624,2024-07-15,,0,21150.0,CANCELLED,
PO000145,2024-07-09,SUP004,SKU002,720,2024-07-16,2024-07-20,720,21150.0,RECEIVED,11.0
PO000146,2024-07-15,SUP004,SKU002,384,2024-07-22,2024-07-22,384,21150.0,RECEIVED,7.0
PO000147,2024-07-17,SUP004,SKU002,672,2024-07-24,2024-07-25,672,21150.0,RECEIVED,8.0
PO000148,2024-07-23,SUP004,SKU002,432,2024-07-30,2024-08-07,432,21150.0,RECEIVED,15.0
PO000149,2024-07-28,SUP004,SKU002,672,2024-08-04,2024-08-05,672,21150.0,RECEIVED,8.0
PO000150,2024-08-06,SUP004,SKU002,720,2024-08-13,2024-08-13,720,21150.0,RECEIVED,7.0
PO000151,2024-08-09,SUP004,SKU002,432,2024-08-16,2024-08-16,432,21150.0,RECEIVED,7.0
PO000152,2024-08-15,SUP004,SKU002,720,2024-08-22,2024-08-20,720,21150.0,RECEIVED,5.0
PO000153,2024-08-19,SUP004,SKU002,432,2024-08-26,2024-08-25,432,21150.0,RECEIVED,6.0
PO000154,2024-08-24,SUP004,SKU002,720,2024-08-31,2024-08-28,720,21150.0,RECEIVED,4.0
PO000155,2024-08-28,SUP004,SKU002,432,2024-09-04,2024-09-03,432,21150.0,RECEIVED,6.0
PO000156,2024-09-04,SUP004,SKU002,720,2024-09-11,2024-09-08,720,21150.0,RECEIVED,4.0
PO000157,2024-09-06,SUP004,SKU002,432,2024-09-13,2024-09-13,432,21150.0,RECEIVED,7.0
PO000158,2024-09-14,SUP004,SKU002,672,2024-09-21,2024-09-20,672,21150.0,RECEIVED,6.0
PO000159,2024-09-18,SUP004,SKU002,432,2024-09-25,2024-09-24,432,21150.0,RECEIVED,6.0
PO000160,2024-09-25,SUP004,SKU002,672,2024-10-02,2024-10-03,672,21150.0,RECEIVED,8.0
PO000161,2024-09-28,SUP004,SKU002,384,2024-10-05,2024-10-14,384,21150.0,RECEIVED,16.0
PO000162,2024-10-04,SUP004,SKU002,624,2024-10-11,2024-10-09,624,21150.0,RECEIVED,5.0
PO000163,2024-10-13,SUP004,SKU002,576,2024-10-20,2024-10-19,576,21150.0,RECEIVED,6.0
PO000164,2024-10-17,SUP004,SKU002,384,2024-10-24,2024-10-25,384,21150.0,RECEIVED,8.0
PO000165,2024-10-21,SUP004,SKU002,576,2024-10-28,2024-10-31,576,21150.0,RECEIVED,10.0
PO000166,2024-10-28,SUP004,SKU002,576,2024-11-04,2024-11-04,576,21150.0,RECEIVED,7.0
PO000167,2024-10-29,SUP004,SKU002,384,2024-11-05,2024-11-05,384,21150.0,RECEIVED,7.0
PO000168,2024-11-07,SUP004,SKU002,624,2024-11-14,2024-11-15,624,21150.0,RECEIVED,8.0
PO000169,2024-11-11,SUP004,SKU002,384,2024-11-18,2024-11-19,384,21150.0,RECEIVED,8.0
PO000170,2024-11-18,SUP004,SKU002,624,2024-11-25,2024-11-24,624,21150.0,RECEIVED,6.0
PO000171,2024-11-23,SUP004,SKU002,384,2024-11-30,2024-11-27,384,21150.0,RECEIVED,4.0
PO000172,2024-11-27,SUP004,SKU002,624,2024-12-04,2024-12-04,624,21150.0,RECEIVED,7.0
PO000173,2024-12-03,SUP004,SKU002,384,2024-12-10,2024-12-17,384,21150.0,RECEIVED,14.0
PO000174,2024-12-06,SUP004,SKU002,576,2024-12-13,2024-12-14,576,21150.0,RECEIVED,8.0
PO000175,2024-12-16,SUP004,SKU002,624,2024-12-23,2024-12-21,624,21150.0,RECEIVED,5.0
PO000176,2024-12-19,SUP004,SKU002,384,2024-12-26,2024-12-30,384,21150.0,RECEIVED,11.0
PO000177,2024-12-22,SUP004,SKU002,624,2024-12-29,2024-12-29,624,21150.0,RECEIVED,7.0
PO000178,2024-12-29,SUP004,SKU002,576,2025-01-05,2025-01-10,576,21150.0,RECEIVED,12.0
PO000179,2025-01-02,SUP004,SKU002,432,2025-01-09,2025-01-08,432,21150.0,RECEIVED,6.0
PO000180,2025-01-05,SUP004,SKU002,624,2025-01-12,2025-01-14,350,21150.0,PARTIAL,9.0
PO000181,2025-01-13,SUP004,SKU002,384,2025-01-20,2025-01-17,384,21150.0,RECEIVED,4.0
PO000182,2025-01-19,SUP004,SKU002,576,2025-01-26,,0,21150.0,CANCELLED,
PO000183,2025-01-20,SUP004,SKU002,624,2025-01-27,2025-01-25,624,21150.0,RECEIVED,5.0
PO000184,2025-01-23,SUP004,SKU002,384,2025-01-30,2025-01-31,384,21150.0,RECEIVED,8.0
PO000185,2025-01-29,SUP004,SKU002,624,2025-02-05,2025-02-05,624,21150.0,RECEIVED,7.0
PO000186,2025-02-04,SUP004,SKU002,384,2025-02-11,2025-02-10,384,21150.0,RECEIVED,6.0
PO000187,2025-02-09,SUP004,SKU002,624,2025-02-16,2025-02-15,624,21150.0,RECEIVED,6.0
PO000188,2025-02-14,SUP004,SKU002,384,2025-02-21,,0,21150.0,CANCELLED,
PO000189,2025-02-15,SUP004,SKU002,432,2025-02-22,2025-02-23,432,21150.0,RECEIVED,8.0
PO000190,2025-02-20,SUP004,SKU002,672,2025-02-27,2025-02-24,672,21150.0,RECEIVED,4.0
PO000191,2025-02-27,SUP004,SKU002,384,2025-03-06,2025-03-07,384,21150.0,RECEIVED,8.0
PO000192,2025-02-28,SUP004,SKU002,624,2025-03-07,2025-03-06,624,21150.0,RECEIVED,6.0
PO000193,2025-03-09,SUP004,SKU002,576,2025-03-16,2025-03-25,576,21150.0,RECEIVED,16.0
PO000194,2025-03-10,SUP004,SKU002,432,2025-03-17,2025-03-18,432,21150.0,RECEIVED,8.0
PO000195,2025-03-20,SUP004,SKU002,432,2025-03-27,2025-03-29,432,21150.0,RECEIVED,9.0
PO000196,2025-03-26,SUP004,SKU002,720,2025-04-02,2025-04-03,720,21150.0,RECEIVED,8.0
PO000197,2025-04-02,SUP004,SKU002,432,2025-04-09,2025-04-08,432,21150.0,RECEIVED,6.0
PO000198,2025-04-08,SUP004,SKU002,720,2025-04-15,2025-04-15,720,21150.0,RECEIVED,7.0
PO000199,2025-04-11,SUP004,SKU002,480,2025-04-18,2025-04-16,480,21150.0,RECEIVED,5.0
PO000200,2025-04-19,SUP004,SKU002,720,2025-04-26,2025-04-26,720,21150.0,RECEIVED,7.0
PO000201,2025-04-23,SUP004,SKU002,480,2025-04-30,2025-05-01,480,21150.0,RECEIVED,8.0
PO000202,2025-04-30,SUP004,SKU002,672,2025-05-07,2025-05-07,672,21150.0,RECEIVED,7.0
PO000203,2025-05-06,SUP004,SKU002,432,2025-05-13,2025-05-14,432,21150.0,RECEIVED,8.0
PO000204,2025-05-10,SUP004,SKU002,624,2025-05-17,2025-05-17,624,21150.0,RECEIVED,7.0
PO000205,2025-05-19,SUP004,SKU002,384,2025-05-26,2025-05-27,384,21150.0,RECEIVED,8.0
PO000206,2025-05-21,SUP004,SKU002,624,2025-05-28,2025-05-27,624,21150.0,RECEIVED,6.0
PO000207,2025-05-30,SUP004,SKU002,384,2025-06-06,2025-06-08,384,21150.0,RECEIVED,9.0
PO000208,2025-05-31,SUP004,SKU002,624,2025-06-07,2025-06-06,624,21150.0,RECEIVED,6.0
PO000209,2025-06-07,SUP004,SKU002,720,2025-06-14,2025-06-23,720,21150.0,RECEIVED,16.0
PO000210,2025-06-11,SUP004,SKU002,432,2025-06-18,2025-06-17,432,21150.0,RECEIVED,6.0
PO000211,2025-06-20,SUP004,SKU002,384,2025-06-27,2025-06-25,384,21150.0,RECEIVED,5.0
PO000212,2025-06-26,SUP004,SKU002,672,2025-07-03,2025-07-01,672,21150.0,RECEIVED,5.0
PO000213,2025-06-28,SUP004,SKU002,384,2025-07-05,2025-07-03,384,21150.0,RECEIVED,5.0
PO000214,2025-07-04,SUP004,SKU002,672,2025-07-11,2025-07-11,672,21150.0,RECEIVED,7.0
PO000215,2025-07-07,SUP004,SKU002,432,2025-07-14,2025-07-13,432,21150.0,RECEIVED,6.0
PO000216,2025-07-14,SUP004,SKU002,672,2025-07-21,2025-07-21,672,21150.0,RECEIVED,7.0
PO000217,2025-07-17,SUP004,SKU002,432,2025-07-24,2025-08-03,432,21150.0,RECEIVED,17.0
PO000218,2025-07-23,SUP004,SKU002,672,2025-07-30,2025-08-01,672,21150.0,RECEIVED,9.0
PO000219,2025-08-04,SUP004,SKU002,624,2025-08-11,2025-08-12,624,21150.0,RECEIVED,8.0
PO000220,2025-08-07,SUP004,SKU002,384,2025-08-14,2025-08-13,384,21150.0,RECEIVED,6.0
PO000221,2025-08-14,SUP004,SKU002,672,2025-08-21,2025-08-21,672,21150.0,RECEIVED,7.0
PO000222,2025-08-16,SUP004,SKU002,432,2025-08-23,2025-08-23,432,21150.0,RECEIVED,7.0
PO000223,2025-08-25,SUP004,SKU002,624,2025-09-01,2025-08-30,624,21150.0,RECEIVED,5.0
PO000224,2025-08-27,SUP004,SKU002,384,2025-09-03,2025-09-11,384,21150.0,RECEIVED,15.0
PO000225,2025-09-03,SUP004,SKU002,672,2025-09-10,2025-09-11,553,21150.0,PARTIAL,8.0
PO000226,2025-09-15,SUP004,SKU002,624,2025-09-22,2025-09-21,624,21150.0,RECEIVED,6.0
PO000227,2025-09-15,SUP004,SKU002,384,2025-09-22,2025-09-22,384,21150.0,RECEIVED,7.0
PO000228,2025-09-25,SUP004,SKU002,384,2025-10-02,2025-10-01,0,21150.0,OPEN,6.0
PO000229,2025-09-26,SUP004,SKU002,576,2025-10-03,2025-10-03,0,21150.0,OPEN,7.0
PO000230,2023-10-09,SUP010,SKU003,720,2023-10-19,2023-10-20,490,14450.0,PARTIAL,11.0
PO000231,2023-10-11,SUP010,SKU003,528,2023-10-21,2023-10-20,528,14450.0,RECEIVED,9.0
PO000232,2023-10-18,SUP010,SKU003,768,2023-10-28,2023-10-26,768,14450.0,RECEIVED,8.0
PO000233,2023-10-24,SUP010,SKU003,528,2023-11-03,2023-11-04,528,14450.0,RECEIVED,11.0
PO000234,2023-10-30,SUP010,SKU003,768,2023-11-09,2023-11-07,768,14450.0,RECEIVED,8.0
PO000235,2023-11-05,SUP010,SKU003,480,2023-11-15,2023-11-12,480,14450.0,RECEIVED,7.0
PO000236,2023-11-10,SUP010,SKU003,816,2023-11-20,2023-11-22,816,14450.0,RECEIVED,12.0
PO000237,2023-11-15,SUP010,SKU003,528,2023-11-25,2023-11-25,528,14450.0,RECEIVED,10.0
PO000238,2023-11-24,SUP010,SKU003,960,2023-12-04,2023-12-10,960,14450.0,RECEIVED,16.0
PO000239,2023-11-26,SUP010,SKU003,528,2023-12-06,2023-12-06,528,14450.0,RECEIVED,10.0
PO000240,2023-12-06,SUP010,SKU003,528,2023-12-16,2023-12-17,528,14450.0,RECEIVED,11.0
PO000241,2023-12-14,SUP010,SKU003,864,2023-12-24,2023-12-29,864,14450.0,RECEIVED,15.0
PO000242,2023-12-18,SUP010,SKU003,816,2023-12-28,2024-01-01,816,14450.0,RECEIVED,14.0
PO000243,2023-12-29,SUP010,SKU003,960,2024-01-08,2024-01-05,732,14450.0,PARTIAL,7.0
PO000244,2024-01-02,SUP010,SKU003,672,2024-01-12,2024-01-11,672,14450.0,RECEIVED,9.0
PO000245,2024-01-08,SUP010,SKU003,1008,2024-01-18,2024-01-16,1008,14450.0,RECEIVED,8.0
PO000246,2024-01-16,SUP010,SKU003,672,2024-01-26,2024-01-23,672,14450.0,RECEIVED,7.0
PO000247,2024-01-19,SUP010,SKU003,1008,2024-01-29,2024-01-28,1008,14450.0,RECEIVED,9.0
PO000248,2024-01-30,SUP010,SKU003,672,2024-02-09,2024-02-17,672,14450.0,RECEIVED,18.0
PO000249,2024-02-05,SUP010,SKU003,1104,2024-02-15,2024-02-13,1104,14450.0,RECEIVED,8.0
PO000250,2024-02-12,SUP010,SKU003,624,2024-02-22,2024-02-22,624,14450.0,RECEIVED,10.0
PO000251,2024-02-21,SUP010,SKU003,1056,2024-03-02,2024-02-28,1056,14450.0,RECEIVED,7.0
PO000252,2024-03-02,SUP010,SKU003,624,2024-03-12,2024-03-13,624,14450.0,RECEIVED,11.0
PO000253,2024-03-05,SUP010,SKU003,1104,2024-03-15,2024-03-18,1104,14450.0,RECEIVED,13.0
PO000254,2024-03-09,SUP010,SKU003,624,2024-03-19,2024-03-17,624,14450.0,RECEIVED,8.0
PO000255,2024-03-20,SUP010,SKU003,624,2024-03-30,2024-03-30,624,14450.0,RECEIVED,10.0
PO000256,2024-03-21,SUP010,SKU003,1056,2024-03-31,2024-03-30,1056,14450.0,RECEIVED,9.0
PO000257,2024-03-29,SUP010,SKU003,720,2024-04-08,2024-04-14,720,14450.0,RECEIVED,16.0
PO000258,2024-04-03,SUP010,SKU003,1248,2024-04-13,2024-04-15,1248,14450.0,RECEIVED,12.0
PO000259,2024-04-06,SUP010,SKU003,720,2024-04-16,2024-04-15,720,14450.0,RECEIVED,9.0
PO000260,2024-04-18,SUP010,SKU003,1248,2024-04-28,2024-04-29,1248,14450.0,RECEIVED,11.0
PO000261,2024-04-30,SUP010,SKU003,720,2024-05-10,2024-05-08,720,14450.0,RECEIVED,8.0
PO000262,2024-05-13,SUP010,SKU003,1056,2024-05-23,2024-05-22,1056,14450.0,RECEIVED,9.0
PO000263,2024-05-23,SUP010,SKU003,576,2024-06-02,2024-06-01,576,14450.0,RECEIVED,9.0
PO000264,2024-05-29,SUP010,SKU003,960,2024-06-08,2024-06-12,960,14450.0,RECEIVED,14.0
PO000265,2024-06-09,SUP010,SKU003,480,2024-06-19,2024-06-23,480,14450.0,RECEIVED,14.0
PO000266,2024-06-23,SUP010,SKU003,720,2024-07-03,2024-06-30,720,14450.0,RECEIVED,7.0
PO000267,2024-06-24,SUP010,SKU003,480,2024-07-04,2024-07-04,480,14450.0,RECEIVED,10.0
PO000268,2024-07-05,SUP010,SKU003,768,2024-07-15,2024-07-15,768,14450.0,RECEIVED,10.0
PO000269,2024-07-05,SUP010,SKU003,480,2024-07-15,2024-07-12,480,14450.0,RECEIVED,7.0
PO000270,2024-07-15,SUP010,SKU003,480,2024-07-25,2024-07-28,480,14450.0,RECEIVED,13.0
PO000271,2024-07-20,SUP010,SKU003,768,2024-07-30,2024-07-31,395,14450.0,PARTIAL,11.0
PO000272,2024-07-26,SUP010,SKU003,480,2024-08-05,2024-08-03,480,14450.0,RECEIVED,8.0
PO000273,2024-08-05,SUP010,SKU003,768,2024-08-15,2024-08-12,768,14450.0,RECEIVED,7.0
PO000274,2024-08-07,SUP010,SKU003,480,2024-08-17,2024-08-19,480,14450.0,RECEIVED,12.0
PO000275,2024-08-20,SUP010,SKU003,528,2024-08-30,2024-09-01,528,14450.0,RECEIVED,12.0
PO000276,2024-08-23,SUP010,SKU003,816,2024-09-02,2024-09-01,816,14450.0,RECEIVED,9.0
PO000277,2024-09-04,SUP010,SKU003,480,2024-09-14,2024-09-12,480,14450.0,RECEIVED,8.0
PO000278,2024-09-18,SUP010,SKU003,480,2024-09-28,2024-09-25,480,14450.0,RECEIVED,7.0
PO000279,2024-09-27,SUP010,SKU003,480,2024-10-07,2024-10-09,480,14450.0,RECEIVED,12.0
PO000280,2024-10-03,SUP010,SKU003,768,2024-10-13,2024-10-12,768,14450.0,RECEIVED,9.0
PO000281,2024-10-10,SUP010,SKU003,528,2024-10-20,2024-10-20,528,14450.0,RECEIVED,10.0
PO000282,2024-10-20,SUP010,SKU003,480,2024-10-30,2024-10-27,480,14450.0,RECEIVED,7.0
PO000283,2024-10-21,SUP010,SKU003,816,2024-10-31,2024-10-31,816,14450.0,RECEIVED,10.0
PO000284,2024-10-31,SUP010,SKU003,528,2024-11-10,2024-11-11,528,14450.0,RECEIVED,11.0
PO000285,2024-11-08,SUP010,SKU003,912,2024-11-18,2024-11-15,912,14450.0,RECEIVED,7.0
PO000286,2024-11-09,SUP010,SKU003,528,2024-11-19,2024-11-21,528,14450.0,RECEIVED,
PO000287,2024-11-21,SUP010,SKU003,576,2024-12-01,2024-12-02,576,14450.0,RECEIVED,11.0
PO000288,2024-11-28,SUP010,SKU003,912,2024-12-08,2024-12-07,912,14450.0,RECEIVED,9.0
PO000289,2024-12-04,SUP010,SKU003,528,2024-12-14,2024-12-16,528,14450.0,RECEIVED,12.0
PO000290,2024-12-16,SUP010,SKU003,624,2024-12-26,2024-12-25,624,14450.0,RECEIVED,9.0
PO000291,2024-12-17,SUP010,SKU003,864,2024-12-27,2024-12-26,864,14450.0,RECEIVED,9.0
PO000292,2024-12-24,SUP010,SKU003,576,2025-01-03,2025-01-02,576,14450.0,RECEIVED,9.0
PO000293,2025-01-01,SUP010,SKU003,1056,2025-01-11,2025-01-11,1056,14450.0,RECEIVED,10.0
PO000294,2025-01-02,SUP010,SKU003,624,2025-01-12,2025-01-12,624,14450.0,RECEIVED,10.0
PO000295,2025-01-16,SUP010,SKU003,624,2025-01-26,2025-01-26,624,14450.0,RECEIVED,10.0
PO000296,2025-01-20,SUP010,SKU003,960,2025-01-30,2025-01-29,960,14450.0,RECEIVED,9.0
PO000297,2025-01-27,SUP010,SKU003,672,2025-02-06,2025-02-07,672,14450.0,RECEIVED,11.0
PO000298,2025-02-06,SUP010,SKU003,1056,2025-02-16,2025-02-14,1056,14450.0,RECEIVED,8.0
PO000299,2025-02-11,SUP010,SKU003,768,2025-02-21,2025-02-18,768,14450.0,RECEIVED,7.0
PO000300,2025-02-21,SUP010,SKU003,1056,2025-03-03,2025-03-03,1056,14450.0,RECEIVED,10.0
PO000301,2025-02-23,SUP010,SKU003,624,2025-03-05,2025-03-04,624,14450.0,RECEIVED,9.0
PO000302,2025-03-05,SUP010,SKU003,672,2025-03-15,2025-03-17,672,14450.0,RECEIVED,12.0
PO000303,2025-03-09,SUP010,SKU003,1056,2025-03-19,2025-03-21,1056,14450.0,RECEIVED,12.0
PO000304,2025-03-13,SUP010,SKU003,720,2025-03-23,2025-03-27,720,14450.0,RECEIVED,14.0
PO000305,2025-03-25,SUP010,SKU003,1200,2025-04-04,2025-04-04,1200,14450.0,RECEIVED,10.0
PO000306,2025-03-25,SUP010,SKU003,768,2025-04-04,2025-04-03,768,14450.0,RECEIVED,9.0
PO000307,2025-04-09,SUP010,SKU003,768,2025-04-19,2025-04-20,768,14450.0,RECEIVED,11.0
PO000308,2025-04-11,SUP010,SKU003,1248,2025-04-21,2025-04-27,1248,14450.0,RECEIVED,16.0
PO000309,2025-04-30,SUP010,SKU003,864,2025-05-10,2025-05-10,864,14450.0,RECEIVED,10.0
PO000310,2025-05-07,SUP010,SKU003,1056,2025-05-17,2025-05-22,626,14450.0,PARTIAL,15.0
PO000311,2025-05-23,SUP010,SKU003,528,2025-06-02,2025-06-09,528,14450.0,RECEIVED,17.0
PO000312,2025-06-02,SUP010,SKU003,528,2025-06-12,2025-06-19,528,14450.0,RECEIVED,17.0
PO000313,2025-06-24,SUP010,SKU003,432,2025-07-04,2025-07-01,432,14450.0,RECEIVED,7.0
PO000314,2025-07-08,SUP010,SKU003,432,2025-07-18,2025-07-17,432,14450.0,RECEIVED,9.0
PO000315,2025-07-17,SUP010,SKU003,480,2025-07-27,2025-07-25,480,14450.0,RECEIVED,8.0
PO000316,2025-07-30,SUP010,SKU003,432,2025-08-09,2025-08-14,432,14450.0,RECEIVED,15.0
PO000317,2025-08-13,SUP010,SKU003,432,2025-08-23,2025-08-20,432,14450.0,RECEIVED,7.0
PO000318,2025-08-26,SUP010,SKU003,480,2025-09-05,2025-09-04,480,14450.0,RECEIVED,9.0
PO000319,2025-09-04,SUP010,SKU003,528,2025-09-14,2025-09-11,528,14450.0,RECEIVED,7.0
PO000320,2025-09-17,SUP010,SKU003,480,2025-09-27,2025-09-28,480,14450.0,RECEIVED,11.0
PO000321,2025-09-29,SUP010,SKU003,480,2025-10-09,2025-10-08,0,14450.0,OPEN,9.0
PO000322,2023-10-12,SUP004,SKU004,528,2023-10-19,2023-10-18,528,26050.0,RECEIVED,6.0
PO000323,2023-10-15,SUP004,SKU004,528,2023-10-22,2023-10-22,528,26050.0,RECEIVED,7.0
PO000324,2024-05-27,SUP004,SKU004,528,2024-06-03,,0,26050.0,CANCELLED,
PO000325,2024-05-28,SUP004,SKU004,528,2024-06-04,2024-06-04,438,26050.0,PARTIAL,7.0
PO000326,2024-11-01,SUP004,SKU004,528,2024-11-08,2024-11-14,528,26050.0,RECEIVED,13.0
PO000327,2023-10-12,SUP002,SKU005,348,2023-10-17,2023-10-15,348,13350.0,RECEIVED,3.0
PO000328,2023-10-23,SUP002,SKU005,348,2023-10-28,2023-11-04,348,13350.0,RECEIVED,12.0
PO000329,2023-11-27,SUP002,SKU005,348,2023-12-02,2023-12-02,348,13350.0,RECEIVED,5.0
PO000330,2023-12-23,SUP002,SKU005,348,2023-12-28,2023-12-26,348,13350.0,RECEIVED,3.0
PO000331,2023-12-26,SUP002,SKU005,348,2023-12-31,2023-12-30,348,13350.0,RECEIVED,4.0
PO000332,2024-02-01,SUP002,SKU005,348,2024-02-06,2024-02-05,348,13350.0,RECEIVED,4.0
PO000333,2024-02-29,SUP002,SKU005,348,2024-03-05,,0,13350.0,CANCELLED,
PO000334,2024-03-01,SUP002,SKU005,348,2024-03-06,2024-03-04,348,13350.0,RECEIVED,3.0
PO000335,2024-03-13,SUP002,SKU005,348,2024-03-18,2024-03-18,348,13350.0,RECEIVED,5.0
PO000336,2024-04-10,SUP002,SKU005,348,2024-04-15,2024-04-15,348,13350.0,RECEIVED,5.0
PO000337,2024-04-19,SUP002,SKU005,348,2024-04-24,2024-04-22,348,13350.0,RECEIVED,3.0
PO000338,2024-05-22,SUP002,SKU005,348,2024-05-27,2024-05-25,348,13350.0,RECEIVED,3.0
PO000339,2024-07-12,SUP002,SKU005,348,2024-07-17,2024-07-17,348,13350.0,RECEIVED,5.0
PO000340,2024-07-17,SUP002,SKU005,348,2024-07-22,2024-07-21,348,13350.0,RECEIVED,4.0
PO000341,2024-09-07,SUP002,SKU005,348,2024-09-12,2024-09-12,348,13350.0,RECEIVED,5.0
PO000342,2024-10-01,SUP002,SKU005,348,2024-10-06,2024-10-10,348,13350.0,RECEIVED,9.0
PO000343,2024-10-22,SUP002,SKU005,348,2024-10-27,2024-10-27,348,13350.0,RECEIVED,5.0
PO000344,2024-11-25,SUP002,SKU005,348,2024-11-30,2024-12-04,348,13350.0,RECEIVED,9.0
PO000345,2024-12-03,SUP002,SKU005,348,2024-12-08,2024-12-08,348,13350.0,RECEIVED,5.0
PO000346,2024-12-29,SUP002,SKU005,348,2025-01-03,2025-01-03,348,13350.0,RECEIVED,5.0
PO000347,2025-01-21,SUP002,SKU005,348,2025-01-26,2025-01-24,348,13350.0,RECEIVED,3.0
PO000348,2025-01-28,SUP002,SKU005,348,2025-02-02,2025-02-01,348,13350.0,RECEIVED,4.0
PO000349,2025-03-04,SUP002,SKU005,348,2025-03-09,2025-03-09,348,13350.0,RECEIVED,5.0
PO000350,2025-03-19,SUP002,SKU005,348,2025-03-24,2025-03-23,348,13350.0,RECEIVED,4.0
PO000351,2025-04-05,SUP002,SKU005,348,2025-04-10,2025-04-09,348,13350.0,RECEIVED,4.0
PO000352,2025-05-08,SUP002,SKU005,348,2025-05-13,2025-05-13,348,13350.0,RECEIVED,5.0
PO000353,2025-05-13,SUP002,SKU005,348,2025-05-18,2025-05-17,348,13350.0,RECEIVED,4.0
PO000354,2025-07-05,SUP002,SKU005,348,2025-07-10,2025-07-10,348,13350.0,RECEIVED,5.0
PO000355,2025-08-11,SUP002,SKU005,348,2025-08-16,2025-08-14,348,13350.0,RECEIVED,3.0
PO000356,2025-08-25,SUP002,SKU005,348,2025-08-30,2025-08-28,348,13350.0,RECEIVED,3.0
PO000357,2023-10-02,SUP001,SKU006,336,2023-10-24,2023-10-26,336,53950.0,RECEIVED,24.0
PO000358,2023-10-02,SUP001,SKU006,336,2023-10-24,2023-10-25,336,53950.0,RECEIVED,23.0
PO000359,2023-11-23,SUP001,SKU006,336,2023-12-15,2023-12-16,336,53950.0,RECEIVED,23.0
PO000360,2023-12-20,SUP001,SKU006,336,2024-01-11,2024-01-12,336,53950.0,RECEIVED,23.0
PO000361,2024-01-15,SUP001,SKU006,336,2024-02-06,2024-02-03,336,53950.0,RECEIVED,19.0
PO000362,2024-03-31,SUP001,SKU006,336,2024-04-22,2024-04-19,336,53950.0,RECEIVED,19.0
PO000363,2024-04-10,SUP001,SKU006,336,2024-05-02,2024-04-30,336,53950.0,RECEIVED,20.0
PO000364,2024-05-29,SUP001,SKU006,336,2024-06-20,2024-06-23,336,53950.0,RECEIVED,25.0
PO000365,2024-07-05,SUP001,SKU006,336,2024-07-27,2024-07-29,336,53950.0,RECEIVED,24.0
PO000366,2024-07-15,SUP001,SKU006,336,2024-08-06,2024-08-05,336,53950.0,RECEIVED,21.0
PO000367,2024-08-26,SUP001,SKU006,336,2024-09-17,2024-09-14,336,53950.0,RECEIVED,19.0
PO000368,2024-09-12,SUP001,SKU006,336,2024-10-04,2024-10-04,336,53950.0,RECEIVED,22.0
PO000369,2024-10-10,SUP001,SKU006,336,2024-11-01,2024-10-29,336,53950.0,RECEIVED,19.0
PO000370,2024-11-24,SUP001,SKU006,336,2024-12-16,2024-12-24,336,53950.0,RECEIVED,30.0
PO000371,2024-11-25,SUP001,SKU006,336,2024-12-17,2024-12-19,336,53950.0,RECEIVED,24.0
PO000372,2025-01-21,SUP001,SKU006,336,2025-02-12,2025-02-20,248,53950.0,PARTIAL,30.0
PO000373,2025-03-12,SUP001,SKU006,336,2025-04-03,2025-03-31,336,53950.0,RECEIVED,19.0
PO000374,2025-03-31,SUP001,SKU006,336,2025-04-22,2025-04-25,336,53950.0,RECEIVED,25.0
PO000375,2025-06-11,SUP001,SKU006,336,2025-07-03,2025-07-11,336,53950.0,RECEIVED,30.0
PO000376,2025-06-16,SUP001,SKU006,336,2025-07-08,2025-07-17,336,53950.0,RECEIVED,31.0
PO000377,2025-08-13,SUP001,SKU006,336,2025-09-04,2025-09-07,336,53950.0,RECEIVED,25.0
PO000378,2025-08-30,SUP001,SKU006,336,2025-09-21,2025-09-22,336,53950.0,RECEIVED,23.0
PO000379,2025-09-28,SUP001,SKU006,336,2025-10-20,2025-10-20,0,53950.0,OPEN,22.0
PO000380,2023-10-09,SUP002,SKU007,276,2023-10-18,2023-10-18,276,34200.0,RECEIVED,9.0
PO000381,2023-10-11,SUP002,SKU007,210,2023-10-20,2023-10-29,210,34200.0,RECEIVED,18.0
PO000382,2023-10-17,SUP002,SKU007,342,2023-10-26,2023-10-24,342,34200.0,RECEIVED,7.0
PO000383,2023-10-19,SUP002,SKU007,210,2023-10-28,2023-10-27,210,34200.0,RECEIVED,8.0
PO000384,2023-10-31,SUP002,SKU007,300,2023-11-09,2023-11-09,300,34200.0,RECEIVED,9.0
PO000385,2023-11-07,SUP002,SKU007,210,2023-11-16,2023-11-14,210,34200.0,RECEIVED,7.0
PO000386,2023-11-09,SUP002,SKU007,294,2023-11-18,2023-11-16,294,34200.0,RECEIVED,7.0
PO000387,2023-11-18,SUP002,SKU007,306,2023-11-27,2023-11-24,306,34200.0,RECEIVED,6.0
PO000388,2023-11-18,SUP002,SKU007,210,2023-11-27,2023-11-27,210,34200.0,RECEIVED,9.0
PO000389,2023-12-01,SUP002,SKU007,294,2023-12-10,2023-12-10,294,34200.0,RECEIVED,9.0
PO000390,2023-12-04,SUP002,SKU007,210,2023-12-13,2023-12-11,210,34200.0,RECEIVED,7.0
PO000391,2023-12-14,SUP002,SKU007,360,2023-12-23,2023-12-20,360,34200.0,RECEIVED,6.0
PO000392,2023-12-14,SUP002,SKU007,210,2023-12-23,2023-12-22,210,34200.0,RECEIVED,8.0
PO000393,2023-12-25,SUP002,SKU007,294,2024-01-03,2024-01-02,294,34200.0,RECEIVED,8.0
PO000394,2023-12-26,SUP002,SKU007,210,2024-01-04,2024-01-04,210,34200.0,RECEIVED,9.0
PO000395,2024-01-04,SUP002,SKU007,306,2024-01-13,2024-01-13,306,34200.0,RECEIVED,9.0
PO000396,2024-01-08,SUP002,SKU007,210,2024-01-17,2024-01-16,210,34200.0,RECEIVED,8.0
PO000397,2024-01-17,SUP002,SKU007,264,2024-01-26,2024-01-29,264,34200.0,RECEIVED,12.0
PO000398,2024-01-22,SUP002,SKU007,210,2024-01-31,2024-01-28,210,34200.0,RECEIVED,6.0
PO000399,2024-01-29,SUP002,SKU007,276,2024-02-07,2024-02-20,276,34200.0,RECEIVED,22.0
PO000400,2024-02-06,SUP002,SKU007,210,2024-02-15,2024-02-13,210,34200.0,RECEIVED,7.0
PO000401,2024-02-10,SUP002,SKU007,276,2024-02-19,2024-02-18,276,34200.0,RECEIVED,8.0
PO000402,2024-02-23,SUP002,SKU007,210,2024-03-03,2024-03-03,210,34200.0,RECEIVED,9.0
PO000403,2024-03-03,SUP002,SKU007,234,2024-03-12,2024-03-14,234,34200.0,RECEIVED,11.0
PO000404,2024-03-07,SUP002,SKU007,210,2024-03-16,2024-03-15,210,34200.0,RECEIVED,8.0
PO000405,2024-03-09,SUP002,SKU007,240,2024-03-18,2024-03-15,240,34200.0,RECEIVED,6.0
PO000406,2024-03-18,SUP002,SKU007,210,2024-03-27,2024-03-25,210,34200.0,RECEIVED,7.0
PO000407,2024-03-22,SUP002,SKU007,276,2024-03-31,2024-04-02,276,34200.0,RECEIVED,11.0
PO000408,2024-03-28,SUP002,SKU007,210,2024-04-06,2024-04-08,210,34200.0,RECEIVED,11.0
PO000409,2024-03-30,SUP002,SKU007,264,2024-04-08,2024-04-09,264,34200.0,RECEIVED,10.0
PO000410,2024-04-08,SUP002,SKU007,306,2024-04-17,2024-04-14,306,34200.0,RECEIVED,6.0
PO000411,2024-04-08,SUP002,SKU007,210,2024-04-17,2024-04-16,210,34200.0,RECEIVED,8.0
PO000412,2024-04-16,SUP002,SKU007,300,2024-04-25,2024-04-24,300,34200.0,RECEIVED,8.0
PO000413,2024-04-18,SUP002,SKU007,210,2024-04-27,2024-04-24,210,34200.0,RECEIVED,6.0
PO000414,2024-04-27,SUP002,SKU007,318,2024-05-06,2024-05-06,318,34200.0,RECEIVED,9.0
PO000415,2024-05-01,SUP002,SKU007,210,2024-05-10,2024-05-10,210,34200.0,RECEIVED,9.0
PO000416,2024-05-11,SUP002,SKU007,306,2024-05-20,2024-05-25,306,34200.0,RECEIVED,14.0
PO000417,2024-05-16,SUP002,SKU007,210,2024-05-25,2024-05-25,210,34200.0,RECEIVED,9.0
PO000418,2024-05-23,SUP002,SKU007,294,2024-06-01,2024-05-29,294,34200.0,RECEIVED,6.0
PO000419,2024-05-30,SUP002,SKU007,210,2024-06-08,2024-06-11,210,34200.0,RECEIVED,12.0
PO000420,2024-06-04,SUP002,SKU007,300,2024-06-13,2024-06-18,300,34200.0,RECEIVED,14.0
PO000421,2024-06-12,SUP002,SKU007,210,2024-06-21,2024-06-18,210,34200.0,RECEIVED,6.0
PO000422,2024-06-18,SUP002,SKU007,276,2024-06-27,2024-06-29,276,34200.0,RECEIVED,11.0
PO000423,2024-06-25,SUP002,SKU007,210,2024-07-04,,0,34200.0,CANCELLED,
PO000424,2024-06-26,SUP002,SKU007,210,2024-07-05,2024-07-06,210,34200.0,RECEIVED,10.0
PO000425,2024-06-28,SUP002,SKU007,282,2024-07-07,2024-07-05,282,34200.0,RECEIVED,7.0
PO000426,2024-07-08,SUP002,SKU007,210,2024-07-17,2024-07-17,210,34200.0,RECEIVED,9.0
PO000427,2024-07-09,SUP002,SKU007,300,2024-07-18,2024-07-19,300,34200.0,RECEIVED,10.0
PO000428,2024-07-19,SUP002,SKU007,306,2024-07-28,2024-07-27,306,34200.0,RECEIVED,8.0
PO000429,2024-07-19,SUP002,SKU007,210,2024-07-28,2024-07-27,210,34200.0,RECEIVED,8.0
PO000430,2024-07-30,SUP002,SKU007,276,2024-08-08,2024-08-08,276,34200.0,RECEIVED,9.0
PO000431,2024-08-01,SUP002,SKU007,210,2024-08-10,2024-08-11,210,34200.0,RECEIVED,10.0
PO000432,2024-08-10,SUP002,SKU007,300,2024-08-19,2024-08-17,300,34200.0,RECEIVED,7.0
PO000433,2024-08-13,SUP002,SKU007,210,2024-08-22,2024-08-22,210,34200.0,RECEIVED,9.0
PO000434,2024-08-22,SUP002,SKU007,300,2024-08-31,2024-08-31,300,34200.0,RECEIVED,9.0
PO000435,2024-08-26,SUP002,SKU007,210,2024-09-04,2024-09-02,210,34200.0,RECEIVED,7.0
PO000436,2024-09-03,SUP002,SKU007,282,2024-09-12,2024-09-13,282,34200.0,RECEIVED,10.0
PO000437,2024-09-08,SUP002,SKU007,210,2024-09-17,2024-09-18,210,34200.0,RECEIVED,10.0
PO000438,2024-09-14,SUP002,SKU007,282,2024-09-23,2024-09-25,172,34200.0,PARTIAL,11.0
PO000439,2024-09-22,SUP002,SKU007,210,2024-10-01,2024-09-29,210,34200.0,RECEIVED,
PO000440,2024-09-25,SUP002,SKU007,264,2024-10-04,2024-10-06,264,34200.0,RECEIVED,11.0
PO000441,2024-10-02,SUP002,SKU007,210,2024-10-11,2024-10-10,210,34200.0,RECEIVED,8.0
PO000442,2024-10-10,SUP002,SKU007,300,2024-10-19,2024-10-19,300,34200.0,RECEIVED,9.0
PO000443,2024-10-16,SUP002,SKU007,210,2024-10-25,2024-10-27,210,34200.0,RECEIVED,11.0
PO000444,2024-10-24,SUP002,SKU007,276,2024-11-02,2024-11-02,276,34200.0,RECEIVED,9.0
PO000445,2024-10-30,SUP002,SKU007,210,2024-11-08,2024-11-09,210,34200.0,RECEIVED,10.0
PO000446,2024-11-06,SUP002,SKU007,270,2024-11-15,2024-11-15,270,34200.0,RECEIVED,9.0
PO000447,2024-11-14,SUP002,SKU007,210,2024-11-23,2024-11-22,210,34200.0,RECEIVED,8.0
PO000448,2024-11-20,SUP002,SKU007,282,2024-11-29,2024-11-28,282,34200.0,RECEIVED,8.0
PO000449,2024-11-25,SUP002,SKU007,210,2024-12-04,2024-12-13,210,34200.0,RECEIVED,18.0
PO000450,2024-12-03,SUP002,SKU007,282,2024-12-12,2024-12-11,282,34200.0,RECEIVED,8.0
PO000451,2024-12-15,SUP002,SKU007,252,2024-12-24,2024-12-25,252,34200.0,RECEIVED,10.0
PO000452,2024-12-16,SUP002,SKU007,210,2024-12-25,2024-12-26,210,34200.0,RECEIVED,10.0
PO000453,2024-12-27,SUP002,SKU007,294,2025-01-05,,0,34200.0,CANCELLED,
PO000454,2024-12-27,SUP002,SKU007,210,2025-01-05,2025-01-05,210,34200.0,RECEIVED,9.0
PO000455,2024-12-28,SUP002,SKU007,318,2025-01-06,2025-01-06,318,34200.0,RECEIVED,9.0
PO000456,2025-01-06,SUP002,SKU007,210,2025-01-15,2025-01-15,210,34200.0,RECEIVED,9.0
PO000457,2025-01-10,SUP002,SKU007,312,2025-01-19,2025-01-18,312,34200.0,RECEIVED,8.0
PO000458,2025-01-21,SUP002,SKU007,210,2025-01-30,2025-01-30,210,34200.0,RECEIVED,9.0
PO000459,2025-01-24,SUP002,SKU007,270,2025-02-02,2025-02-01,270,34200.0,RECEIVED,8.0
PO000460,2025-02-05,SUP002,SKU007,276,2025-02-14,2025-02-14,276,34200.0,RECEIVED,9.0
PO000461,2025-02-05,SUP002,SKU007,210,2025-02-14,2025-02-16,210,34200.0,RECEIVED,11.0
PO000462,2025-02-18,SUP002,SKU007,264,2025-02-27,2025-02-27,264,34200.0,RECEIVED,9.0
PO000463,2025-02-19,SUP002,SKU007,210,2025-02-28,2025-03-12,210,34200.0,RECEIVED,21.0
PO000464,2025-03-02,SUP002,SKU007,264,2025-03-11,2025-03-12,264,34200.0,RECEIVED,10.0
PO000465,2025-03-13,SUP002,SKU007,210,2025-03-22,2025-03-21,210,34200.0,RECEIVED,8.0
PO000466,2025-03-14,SUP002,SKU007,312,2025-03-23,2025-03-21,312,34200.0,RECEIVED,7.0
PO000467,2025-03-25,SUP002,SKU007,342,2025-04-03,2025-04-02,342,34200.0,RECEIVED,8.0
PO000468,2025-03-26,SUP002,SKU007,210,2025-04-04,2025-04-01,210,34200.0,RECEIVED,6.0
PO000469,2025-04-06,SUP002,SKU007,324,2025-04-15,2025-04-15,324,34200.0,RECEIVED,9.0
PO000470,2025-04-06,SUP002,SKU007,210,2025-04-15,2025-04-16,210,34200.0,RECEIVED,10.0
PO000471,2025-04-18,SUP002,SKU007,336,2025-04-27,2025-04-26,336,34200.0,RECEIVED,8.0
PO000472,2025-04-18,SUP002,SKU007,216,2025-04-27,2025-05-02,216,34200.0,RECEIVED,14.0
PO000473,2025-05-02,SUP002,SKU007,312,2025-05-11,2025-05-09,312,34200.0,RECEIVED,7.0
PO000474,2025-05-04,SUP002,SKU007,210,2025-05-13,2025-05-14,210,34200.0,RECEIVED,10.0
PO000475,2025-05-15,SUP002,SKU007,306,2025-05-24,2025-05-24,306,34200.0,RECEIVED,9.0
PO000476,2025-05-16,SUP002,SKU007,210,2025-05-25,2025-05-26,210,34200.0,RECEIVED,10.0
PO000477,2025-05-28,SUP002,SKU007,300,2025-06-06,2025-06-05,300,34200.0,RECEIVED,8.0
PO000478,2025-05-28,SUP002,SKU007,210,2025-06-06,2025-06-07,210,34200.0,RECEIVED,10.0
PO000479,2025-06-09,SUP002,SKU007,282,2025-06-18,2025-06-18,282,34200.0,RECEIVED,9.0
PO000480,2025-06-10,SUP002,SKU007,210,2025-06-19,2025-06-16,210,34200.0,RECEIVED,6.0
PO000481,2025-06-20,SUP002,SKU007,282,2025-06-29,2025-06-28,282,34200.0,RECEIVED,8.0
PO000482,2025-06-21,SUP002,SKU007,210,2025-06-30,2025-07-04,210,34200.0,RECEIVED,13.0
PO000483,2025-07-01,SUP002,SKU007,306,2025-07-10,2025-07-08,306,34200.0,RECEIVED,
PO000484,2025-07-05,SUP002,SKU007,210,2025-07-14,2025-07-14,210,34200.0,RECEIVED,9.0
PO000485,2025-07-14,SUP002,SKU007,318,2025-07-23,2025-07-23,318,34200.0,RECEIVED,9.0
PO000486,2025-07-18,SUP002,SKU007,210,2025-07-27,2025-07-24,210,34200.0,RECEIVED,6.0
PO000487,2025-07-28,SUP002,SKU007,294,2025-08-06,2025-08-06,294,34200.0,RECEIVED,9.0
PO000488,2025-07-31,SUP002,SKU007,210,2025-08-09,2025-08-08,210,34200.0,RECEIVED,8.0
PO000489,2025-08-11,SUP002,SKU007,264,2025-08-20,2025-08-17,264,34200.0,RECEIVED,6.0
PO000490,2025-08-13,SUP002,SKU007,210,2025-08-22,2025-08-21,210,34200.0,RECEIVED,8.0
PO000491,2025-08-20,SUP002,SKU007,270,2025-08-29,2025-08-28,270,34200.0,RECEIVED,8.0
PO000492,2025-08-22,SUP002,SKU007,210,2025-08-31,2025-08-28,210,34200.0,RECEIVED,6.0
PO000493,2025-08-30,SUP002,SKU007,276,2025-09-08,2025-09-08,276,34200.0,RECEIVED,9.0
PO000494,2025-09-04,SUP002,SKU007,210,2025-09-13,2025-09-16,210,34200.0,RECEIVED,12.0
PO000495,2025-09-11,SUP002,SKU007,300,2025-09-20,2025-09-21,300,34200.0,RECEIVED,10.0
PO000496,2025-09-18,SUP002,SKU007,210,2025-09-27,2025-09-27,171,34200.0,PARTIAL,9.0
PO000497,2025-09-25,SUP002,SKU007,294,2025-10-04,2025-10-05,0,34200.0,PARTIAL,10.0
PO000498,2025-09-29,SUP002,SKU007,210,2025-10-08,2025-10-06,0,34200.0,OPEN,7.0
PO000499,2023-10-12,SUP002,SKU008,504,2023-10-17,2023-10-15,504,27950.0,RECEIVED,3.0
PO000500,2023-10-12,SUP002,SKU008,504,2023-10-17,2023-10-20,504,27950.0,RECEIVED,8.0
PO000501,2023-12-26,SUP002,SKU008,504,2023-12-31,2023-12-31,504,27950.0,RECEIVED,5.0
PO000502,2024-01-31,SUP002,SKU008,504,2024-02-05,2024-02-04,504,27950.0,RECEIVED,4.0
PO000503,2024-03-06,SUP002,SKU008,504,2024-03-11,2024-03-10,504,27950.0,RECEIVED,4.0
PO000504,2024-06-08,SUP002,SKU008,504,2024-06-13,2024-06-14,504,27950.0,RECEIVED,6.0
PO000505,2024-07-04,SUP002,SKU008,504,2024-07-09,2024-07-07,504,27950.0,RECEIVED,3.0
PO000506,2024-08-24,SUP002,SKU008,504,2024-08-29,2024-08-26,504,27950.0,RECEIVED,2.0
PO000507,2024-11-05,SUP002,SKU008,504,2024-11-10,2024-11-09,504,27950.0,RECEIVED,4.0
PO000508,2024-11-12,SUP002,SKU008,504,2024-11-17,2024-11-19,504,27950.0,RECEIVED,7.0
PO000509,2025-01-22,SUP002,SKU008,504,2025-01-27,2025-01-29,504,27950.0,RECEIVED,7.0
PO000510,2025-03-10,SUP002,SKU008,504,2025-03-15,2025-03-19,504,27950.0,RECEIVED,9.0
PO000511,2025-04-28,SUP002,SKU008,504,2025-05-03,2025-05-06,504,27950.0,RECEIVED,8.0
PO000512,2025-08-06,SUP002,SKU008,504,2025-08-11,2025-08-17,504,27950.0,RECEIVED,11.0
PO000513,2025-08-13,SUP002,SKU008,504,2025-08-18,2025-08-18,504,27950.0,RECEIVED,5.0
PO000514,2023-10-02,SUP003,SKU009,840,2023-10-18,2023-10-18,840,4700.0,RECEIVED,16.0
PO000515,2023-10-02,SUP003,SKU009,360,2023-10-18,2023-10-23,360,4700.0,RECEIVED,21.0
PO000516,2023-10-19,SUP003,SKU009,408,2023-11-04,2023-11-07,408,4700.0,RECEIVED,19.0
PO000517,2023-10-24,SUP003,SKU009,648,2023-11-09,2023-11-14,648,4700.0,RECEIVED,21.0
PO000518,2023-11-13,SUP003,SKU009,360,2023-11-29,,0,4700.0,CANCELLED,
PO000519,2023-11-14,SUP003,SKU009,600,2023-11-30,2023-11-30,600,4700.0,RECEIVED,16.0
PO000520,2023-11-14,SUP003,SKU009,408,2023-11-30,2023-11-30,408,4700.0,RECEIVED,16.0
PO000521,2023-12-02,SUP003,SKU009,672,2023-12-18,2023-12-23,672,4700.0,RECEIVED,21.0
PO000522,2023-12-02,SUP003,SKU009,432,2023-12-18,2023-12-21,432,4700.0,RECEIVED,
PO000523,2023-12-23,SUP003,SKU009,384,2024-01-08,2024-01-07,384,4700.0,RECEIVED,15.0
PO000524,2023-12-24,SUP003,SKU009,624,2024-01-09,2024-01-10,624,4700.0,RECEIVED,17.0
PO000525,2024-01-15,SUP003,SKU009,384,2024-01-31,2024-02-06,384,4700.0,RECEIVED,22.0
PO000526,2024-01-17,SUP003,SKU009,576,2024-02-02,2024-02-01,576,4700.0,RECEIVED,15.0
PO000527,2024-02-12,SUP003,SKU009,552,2024-02-28,2024-03-01,552,4700.0,RECEIVED,18.0
PO000528,2024-02-12,SUP003,SKU009,336,2024-02-28,2024-02-25,336,4700.0,RECEIVED,13.0
PO000529,2024-02-27,SUP003,SKU009,504,2024-03-14,2024-03-11,504,4700.0,RECEIVED,13.0
PO000530,2024-02-27,SUP003,SKU009,312,2024-03-14,2024-03-11,312,4700.0,RECEIVED,13.0
PO000531,2024-03-15,SUP003,SKU009,336,2024-03-31,2024-04-02,336,4700.0,RECEIVED,18.0
PO000532,2024-03-16,SUP003,SKU009,528,2024-04-01,2024-04-11,528,4700.0,RECEIVED,26.0
PO000533,2024-03-28,SUP003,SKU009,336,2024-04-13,2024-04-19,336,4700.0,RECEIVED,22.0
PO000534,2024-03-29,SUP003,SKU009,576,2024-04-14,2024-04-13,576,4700.0,RECEIVED,15.0
PO000535,2024-04-10,SUP003,SKU009,384,2024-04-26,2024-04-26,384,4700.0,RECEIVED,16.0
PO000536,2024-04-30,SUP003,SKU009,600,2024-05-16,2024-05-17,600,4700.0,RECEIVED,17.0
PO000537,2024-05-09,SUP003,SKU009,384,2024-05-25,2024-05-22,384,4700.0,RECEIVED,13.0
PO000538,2024-05-22,SUP003,SKU009,576,2024-06-07,2024-06-05,576,4700.0,RECEIVED,14.0
PO000539,2024-06-03,SUP003,SKU009,336,2024-06-19,2024-06-25,336,4700.0,RECEIVED,22.0
PO000540,2024-06-15,SUP003,SKU009,504,2024-07-01,2024-06-28,504,4700.0,RECEIVED,13.0
PO000541,2024-06-26,SUP003,SKU009,336,2024-07-12,2024-07-13,336,4700.0,RECEIVED,17.0
PO000542,2024-06-30,SUP003,SKU009,504,2024-07-16,2024-07-18,504,4700.0,RECEIVED,18.0
PO000543,2024-07-09,SUP003,SKU009,336,2024-07-25,2024-07-27,336,4700.0,RECEIVED,18.0
PO000544,2024-07-16,SUP003,SKU009,552,2024-08-01,2024-07-31,552,4700.0,RECEIVED,15.0
PO000545,2024-07-26,SUP003,SKU009,384,2024-08-11,2024-08-14,384,4700.0,RECEIVED,19.0
PO000546,2024-07-29,SUP003,SKU009,624,2024-08-14,2024-08-20,624,4700.0,RECEIVED,22.0
PO000547,2024-08-09,SUP003,SKU009,408,2024-08-25,2024-08-27,408,4700.0,RECEIVED,18.0
PO000548,2024-08-12,SUP003,SKU009,720,2024-08-28,2024-08-25,720,4700.0,RECEIVED,13.0
PO000549,2024-09-04,SUP003,SKU009,384,2024-09-20,2024-09-22,384,4700.0,RECEIVED,18.0
PO000550,2024-09-09,SUP003,SKU009,624,2024-09-25,2024-09-22,624,4700.0,RECEIVED,13.0
PO000551,2024-09-20,SUP003,SKU009,408,2024-10-06,2024-10-07,408,4700.0,RECEIVED,17.0
PO000552,2024-09-28,SUP003,SKU009,648,2024-10-14,2024-10-15,648,4700.0,RECEIVED,17.0
PO000553,2024-10-14,SUP003,SKU009,360,2024-10-30,2024-10-30,360,4700.0,RECEIVED,16.0
PO000554,2024-10-18,SUP003,SKU009,600,2024-11-03,2024-11-06,600,4700.0,RECEIVED,19.0
PO000555,2024-10-31,SUP003,SKU009,384,2024-11-16,2024-11-16,384,4700.0,RECEIVED,16.0
PO000556,2024-11-09,SUP003,SKU009,600,2024-11-25,2024-11-24,600,4700.0,RECEIVED,15.0
PO000557,2024-11-22,SUP003,SKU009,384,2024-12-08,2024-12-09,384,4700.0,RECEIVED,17.0
PO000558,2024-11-28,SUP003,SKU009,624,2024-12-14,2024-12-11,624,4700.0,RECEIVED,13.0
PO000559,2024-12-14,SUP003,SKU009,360,2024-12-30,2025-01-01,360,4700.0,RECEIVED,18.0
PO000560,2024-12-20,SUP003,SKU009,576,2025-01-05,2025-01-06,576,4700.0,RECEIVED,17.0
PO000561,2024-12-27,SUP003,SKU009,360,2025-01-12,2025-01-09,360,4700.0,RECEIVED,13.0
PO000562,2024-12-31,SUP003,SKU009,792,2025-01-16,2025-01-16,792,4700.0,RECEIVED,16.0
PO000563,2025-01-13,SUP003,SKU009,408,2025-01-29,2025-02-03,408,4700.0,RECEIVED,21.0
PO000564,2025-01-28,SUP003,SKU009,648,2025-02-13,2025-02-15,648,4700.0,RECEIVED,18.0
PO000565,2025-02-07,SUP003,SKU009,408,2025-02-23,2025-02-25,408,4700.0,RECEIVED,18.0
PO000566,2025-02-24,SUP003,SKU009,576,2025-03-12,2025-03-14,576,4700.0,RECEIVED,18.0
PO000567,2025-03-08,SUP003,SKU009,336,2025-03-24,2025-04-02,336,4700.0,RECEIVED,25.0
PO000568,2025-03-18,SUP003,SKU009,552,2025-04-03,2025-04-03,552,4700.0,RECEIVED,16.0
PO000569,2025-03-25,SUP003,SKU009,336,2025-04-10,2025-04-20,336,4700.0,RECEIVED,26.0
PO000570,2025-04-07,SUP003,SKU009,528,2025-04-23,2025-04-20,528,4700.0,RECEIVED,13.0
PO000571,2025-04-26,SUP003,SKU009,312,2025-05-12,2025-05-19,312,4700.0,RECEIVED,23.0
PO000572,2025-04-30,SUP003,SKU009,528,2025-05-16,2025-05-13,528,4700.0,RECEIVED,13.0
PO000573,2025-05-12,SUP003,SKU009,336,2025-05-28,2025-05-25,336,4700.0,RECEIVED,13.0
PO000574,2025-05-15,SUP003,SKU009,552,2025-05-31,2025-05-30,552,4700.0,RECEIVED,15.0
PO000575,2025-06-06,SUP003,SKU009,504,2025-06-22,2025-06-19,504,4700.0,RECEIVED,13.0
PO000576,2025-06-09,SUP003,SKU009,312,2025-06-25,2025-06-28,246,4700.0,PARTIAL,19.0
PO000577,2025-06-22,SUP003,SKU009,528,2025-07-08,2025-07-07,528,4700.0,RECEIVED,15.0
PO000578,2025-06-25,SUP003,SKU009,336,2025-07-11,2025-07-12,336,4700.0,RECEIVED,17.0
PO000579,2025-07-11,SUP003,SKU009,528,2025-07-27,2025-07-25,285,4700.0,PARTIAL,14.0
PO000580,2025-07-15,SUP003,SKU009,336,2025-07-31,2025-07-28,336,4700.0,RECEIVED,13.0
PO000581,2025-07-24,SUP003,SKU009,600,2025-08-09,2025-08-10,600,4700.0,RECEIVED,17.0
PO000582,2025-07-29,SUP003,SKU009,360,2025-08-14,,0,4700.0,CANCELLED,
PO000583,2025-07-30,SUP003,SKU009,384,2025-08-15,2025-08-12,384,4700.0,RECEIVED,13.0
PO000584,2025-08-13,SUP003,SKU009,408,2025-08-29,2025-08-26,408,4700.0,RECEIVED,13.0
PO000585,2025-08-15,SUP003,SKU009,648,2025-08-31,2025-08-28,648,4700.0,RECEIVED,13.0
PO000586,2025-08-30,SUP003,SKU009,432,2025-09-15,2025-09-16,432,4700.0,RECEIVED,17.0
PO000587,2025-09-03,SUP003,SKU009,768,2025-09-19,2025-09-17,768,4700.0,RECEIVED,14.0
PO000588,2025-09-20,SUP003,SKU009,408,2025-10-06,2025-10-09,0,4700.0,OPEN,19.0
PO000589,2025-09-25,SUP003,SKU009,648,2025-10-11,2025-10-09,0,4700.0,OPEN,14.0
PO000590,2023-10-02,SUP003,SKU010,216,2023-10-21,2023-10-18,216,14150.0,RECEIVED,16.0
PO000591,2023-10-02,SUP003,SKU010,216,2023-10-21,2023-10-27,216,14150.0,RECEIVED,25.0
PO000592,2023-11-05,SUP003,SKU010,216,2023-11-24,2023-11-28,216,14150.0,RECEIVED,23.0
PO000593,2023-12-03,SUP003,SKU010,216,2023-12-22,2023-12-22,216,14150.0,RECEIVED,19.0
PO000594,2023-12-15,SUP003,SKU010,216,2024-01-03,2024-01-05,216,14150.0,RECEIVED,21.0
PO000595,2024-01-24,SUP003,SKU010,216,2024-02-12,2024-02-11,216,14150.0,RECEIVED,18.0
PO000596,2024-02-12,SUP003,SKU010,216,2024-03-02,2024-02-28,216,14150.0,RECEIVED,16.0
PO000597,2024-03-15,SUP003,SKU010,216,2024-04-03,2024-04-06,216,14150.0,RECEIVED,22.0
PO000598,2024-05-07,SUP003,SKU010,216,2024-05-26,2024-05-23,216,14150.0,RECEIVED,16.0
PO000599,2024-05-07,SUP003,SKU010,216,2024-05-26,2024-06-04,216,14150.0,RECEIVED,28.0
PO000600,2024-06-18,SUP003,SKU010,216,2024-07-07,2024-07-06,216,14150.0,RECEIVED,18.0
PO000601,2024-07-10,SUP003,SKU010,216,2024-07-29,2024-07-26,216,14150.0,RECEIVED,16.0
PO000602,2024-07-17,SUP003,SKU010,216,2024-08-05,2024-08-02,216,14150.0,RECEIVED,16.0
PO000603,2024-08-19,SUP003,SKU010,216,2024-09-07,2024-09-07,216,14150.0,RECEIVED,19.0
PO000604,2024-08-28,SUP003,SKU010,216,2024-09-16,2024-09-22,216,14150.0,RECEIVED,25.0
PO000605,2024-09-18,SUP003,SKU010,216,2024-10-07,2024-10-04,216,14150.0,RECEIVED,16.0
PO000606,2024-10-15,SUP003,SKU010,216,2024-11-03,2024-11-10,216,14150.0,RECEIVED,26.0
PO000607,2024-10-19,SUP003,SKU010,216,2024-11-07,2024-11-10,216,14150.0,RECEIVED,22.0
PO000608,2024-11-22,SUP003,SKU010,216,2024-12-11,2024-12-16,216,14150.0,RECEIVED,24.0
PO000609,2024-12-20,SUP003,SKU010,216,2025-01-08,2025-01-10,216,14150.0,RECEIVED,21.0
PO000610,2024-12-28,SUP003,SKU010,216,2025-01-16,2025-01-15,216,14150.0,RECEIVED,18.0
PO000611,2025-02-19,SUP003,SKU010,216,2025-03-10,2025-03-09,216,14150.0,RECEIVED,18.0
PO000612,2025-03-12,SUP003,SKU010,216,2025-03-31,2025-04-02,216,14150.0,RECEIVED,21.0
PO000613,2025-04-04,SUP003,SKU010,216,2025-04-23,2025-04-20,216,14150.0,RECEIVED,16.0
PO000614,2025-05-23,SUP003,SKU010,216,2025-06-11,2025-06-12,216,14150.0,RECEIVED,20.0
PO000615,2025-05-25,SUP003,SKU010,216,2025-06-13,2025-06-18,216,14150.0,RECEIVED,24.0
PO000616,2025-07-02,SUP003,SKU010,216,2025-07-21,2025-07-18,216,14150.0,RECEIVED,16.0
PO000617,2025-07-28,SUP003,SKU010,216,2025-08-16,2025-08-18,216,14150.0,RECEIVED,21.0
PO000618,2025-08-07,SUP003,SKU010,216,2025-08-26,2025-08-27,216,14150.0,RECEIVED,20.0
PO000619,2025-09-09,SUP003,SKU010,216,2025-09-28,2025-09-27,216,14150.0,RECEIVED,18.0
PO000620,2025-09-13,SUP003,SKU010,216,2025-10-02,2025-09-29,216,14150.0,RECEIVED,16.0
PO000621,2023-10-02,SUP007,SKU011,192,2023-11-02,2023-11-01,192,21550.0,RECEIVED,30.0
PO000622,2023-10-02,SUP007,SKU011,192,2023-11-02,2023-11-14,192,21550.0,RECEIVED,43.0
PO000623,2023-10-17,SUP007,SKU011,192,2023-11-17,2023-11-14,192,21550.0,RECEIVED,28.0
PO000624,2023-12-07,SUP007,SKU011,240,2024-01-07,2024-01-07,240,21550.0,RECEIVED,31.0
PO000625,2023-12-07,SUP007,SKU011,192,2024-01-07,2024-01-04,192,21550.0,RECEIVED,28.0
PO000626,2024-01-18,SUP007,SKU011,192,2024-02-18,2024-02-17,192,21550.0,RECEIVED,30.0
PO000627,2024-02-15,SUP007,SKU011,192,2024-03-17,2024-03-14,192,21550.0,RECEIVED,28.0
PO000628,2024-03-08,SUP007,SKU011,240,2024-04-08,2024-04-08,240,21550.0,RECEIVED,31.0
PO000629,2024-04-02,SUP007,SKU011,192,2024-05-03,2024-04-30,192,21550.0,RECEIVED,28.0
PO000630,2024-04-09,SUP007,SKU011,240,2024-05-10,2024-05-08,240,21550.0,RECEIVED,29.0
PO000631,2024-06-21,SUP007,SKU011,192,2024-07-22,2024-07-19,192,21550.0,RECEIVED,28.0
PO000632,2024-07-01,SUP007,SKU011,192,2024-08-01,2024-07-31,192,21550.0,RECEIVED,30.0
PO000633,2024-08-05,SUP007,SKU011,192,2024-09-05,2024-09-02,192,21550.0,RECEIVED,28.0
PO000634,2024-09-03,SUP007,SKU011,192,2024-10-04,2024-10-12,192,21550.0,RECEIVED,39.0
PO000635,2024-09-09,SUP007,SKU011,192,2024-10-10,2024-10-07,192,21550.0,RECEIVED,28.0
PO000636,2024-10-15,SUP007,SKU011,192,2024-11-15,2024-11-12,192,21550.0,RECEIVED,28.0
PO000637,2024-10-31,SUP007,SKU011,192,2024-12-01,2024-11-28,192,21550.0,RECEIVED,28.0
PO000638,2024-11-09,SUP007,SKU011,240,2024-12-10,2024-12-08,240,21550.0,RECEIVED,29.0
PO000639,2024-12-18,SUP007,SKU011,192,2025-01-18,2025-01-15,129,21550.0,PARTIAL,28.0
PO000640,2024-12-19,SUP007,SKU011,240,2025-01-19,2025-01-23,240,21550.0,RECEIVED,35.0
PO000641,2025-02-20,SUP007,SKU011,192,2025-03-23,2025-03-22,192,21550.0,RECEIVED,30.0
PO000642,2025-03-04,SUP007,SKU011,192,2025-04-04,2025-04-10,192,21550.0,RECEIVED,37.0
PO000643,2025-03-27,SUP007,SKU011,192,2025-04-27,2025-04-24,192,21550.0,RECEIVED,28.0
PO000644,2025-05-28,SUP007,SKU011,192,2025-06-28,2025-07-03,192,21550.0,RECEIVED,36.0
PO000645,2025-06-20,SUP007,SKU011,192,2025-07-21,2025-07-18,192,21550.0,RECEIVED,28.0
PO000646,2025-07-08,SUP007,SKU011,192,2025-08-08,2025-08-17,192,21550.0,RECEIVED,40.0
PO000647,2025-08-18,SUP007,SKU011,240,2025-09-18,2025-09-28,240,21550.0,RECEIVED,41.0
PO000648,2025-09-04,SUP007,SKU011,192,2025-10-05,2025-10-14,0,21550.0,OPEN,40.0
PO000649,2023-10-17,SUP010,SKU012,624,2023-10-24,2023-10-21,624,29400.0,RECEIVED,4.0
PO000650,2023-10-17,SUP010,SKU012,588,2023-10-24,2023-10-23,588,29400.0,RECEIVED,6.0
PO000651,2023-10-25,SUP010,SKU012,804,2023-11-01,2023-10-30,804,29400.0,RECEIVED,5.0
PO000652,2023-10-26,SUP010,SKU012,588,2023-11-02,2023-10-31,588,29400.0,RECEIVED,5.0
PO000653,2023-11-03,SUP010,SKU012,660,2023-11-10,2023-11-09,660,29400.0,RECEIVED,6.0
PO000654,2023-11-08,SUP010,SKU012,588,2023-11-15,2023-11-15,588,29400.0,RECEIVED,7.0
PO000655,2023-11-11,SUP010,SKU012,624,2023-11-18,2023-11-17,624,29400.0,RECEIVED,6.0
PO000656,2023-11-20,SUP010,SKU012,636,2023-11-27,2023-11-27,636,29400.0,RECEIVED,7.0
PO000657,2023-11-21,SUP010,SKU012,588,2023-11-28,2023-11-25,588,29400.0,RECEIVED,4.0
PO000658,2023-11-28,SUP010,SKU012,696,2023-12-05,2023-12-04,696,29400.0,RECEIVED,6.0
PO000659,2023-12-02,SUP010,SKU012,588,2023-12-09,2023-12-07,588,29400.0,RECEIVED,5.0
PO000660,2023-12-07,SUP010,SKU012,648,2023-12-14,2023-12-13,648,29400.0,RECEIVED,6.0
PO000661,2023-12-14,SUP010,SKU012,588,2023-12-21,2023-12-20,588,29400.0,RECEIVED,6.0
PO000662,2023-12-15,SUP010,SKU012,684,2023-12-22,2023-12-22,684,29400.0,RECEIVED,7.0
PO000663,2023-12-21,SUP010,SKU012,672,2023-12-28,2023-12-27,672,29400.0,RECEIVED,6.0
PO000664,2023-12-22,SUP010,SKU012,588,2023-12-29,2023-12-31,588,29400.0,RECEIVED,9.0
PO000665,2023-12-28,SUP010,SKU012,756,2024-01-04,2024-01-02,756,29400.0,RECEIVED,5.0
PO000666,2024-01-02,SUP010,SKU012,588,2024-01-09,2024-01-08,588,29400.0,RECEIVED,6.0
PO000667,2024-01-04,SUP010,SKU012,792,2024-01-11,2024-01-09,792,29400.0,RECEIVED,5.0
PO000668,2024-01-13,SUP010,SKU012,588,2024-01-20,2024-01-17,588,29400.0,RECEIVED,4.0
PO000669,2024-01-14,SUP010,SKU012,696,2024-01-21,2024-01-20,696,29400.0,RECEIVED,6.0
PO000670,2024-01-23,SUP010,SKU012,744,2024-01-30,2024-01-30,744,29400.0,RECEIVED,7.0
PO000671,2024-01-24,SUP010,SKU012,588,2024-01-31,2024-01-31,588,29400.0,RECEIVED,7.0
PO000672,2024-02-01,SUP010,SKU012,744,2024-02-08,2024-02-08,744,29400.0,RECEIVED,7.0
PO000673,2024-02-05,SUP010,SKU012,588,2024-02-12,2024-02-18,588,29400.0,RECEIVED,13.0
PO000674,2024-02-10,SUP010,SKU012,696,2024-02-17,2024-02-27,696,29400.0,RECEIVED,17.0
PO000675,2024-02-20,SUP010,SKU012,672,2024-02-27,2024-02-27,672,29400.0,RECEIVED,7.0
PO000676,2024-02-20,SUP010,SKU012,588,2024-02-27,2024-03-05,588,29400.0,RECEIVED,14.0
PO000677,2024-03-05,SUP010,SKU012,744,2024-03-12,,0,29400.0,CANCELLED,
PO000678,2024-03-06,SUP010,SKU012,900,2024-03-13,2024-03-10,900,29400.0,RECEIVED,4.0
PO000679,2024-03-06,SUP010,SKU012,588,2024-03-13,2024-03-19,588,29400.0,RECEIVED,13.0
PO000680,2024-03-11,SUP010,SKU012,684,2024-03-18,2024-03-17,684,29400.0,RECEIVED,6.0
PO000681,2024-03-18,SUP010,SKU012,840,2024-03-25,2024-03-25,840,29400.0,RECEIVED,7.0
PO000682,2024-03-20,SUP010,SKU012,588,2024-03-27,2024-03-25,588,29400.0,RECEIVED,5.0
PO000683,2024-03-25,SUP010,SKU012,804,2024-04-01,2024-04-02,804,29400.0,RECEIVED,8.0
PO000684,2024-03-28,SUP010,SKU012,588,2024-04-04,2024-04-04,588,29400.0,RECEIVED,7.0
PO000685,2024-04-01,SUP010,SKU012,780,2024-04-08,2024-04-06,780,29400.0,RECEIVED,5.0
PO000686,2024-04-05,SUP010,SKU012,588,2024-04-12,2024-04-12,588,29400.0,RECEIVED,7.0
PO000687,2024-04-08,SUP010,SKU012,888,2024-04-15,2024-04-16,888,29400.0,RECEIVED,8.0
PO000688,2024-04-16,SUP010,SKU012,588,2024-04-23,2024-04-21,588,29400.0,RECEIVED,5.0
PO000689,2024-04-18,SUP010,SKU012,864,2024-04-25,2024-04-27,864,29400.0,RECEIVED,9.0
PO000690,2024-04-27,SUP010,SKU012,588,2024-05-04,,0,29400.0,CANCELLED,
PO000691,2024-04-28,SUP010,SKU012,588,2024-05-05,2024-05-02,588,29400.0,RECEIVED,4.0
PO000692,2024-04-29,SUP010,SKU012,816,2024-05-06,2024-05-11,816,29400.0,RECEIVED,12.0
PO000693,2024-05-10,SUP010,SKU012,588,2024-05-17,2024-05-21,588,29400.0,RECEIVED,11.0
PO000694,2024-05-11,SUP010,SKU012,792,2024-05-18,2024-05-19,792,29400.0,RECEIVED,8.0
PO000695,2024-05-21,SUP010,SKU012,912,2024-05-28,2024-05-30,912,29400.0,RECEIVED,9.0
PO000696,2024-05-21,SUP010,SKU012,588,2024-05-28,2024-05-26,588,29400.0,RECEIVED,5.0
PO000697,2024-06-01,SUP010,SKU012,708,2024-06-08,2024-06-16,708,29400.0,RECEIVED,15.0
PO000698,2024-06-02,SUP010,SKU012,588,2024-06-09,2024-06-13,588,29400.0,RECEIVED,
PO000699,2024-06-08,SUP010,SKU012,732,2024-06-15,2024-06-14,732,29400.0,RECEIVED,6.0
PO000700,2024-06-15,SUP010,SKU012,588,2024-06-22,2024-06-22,588,29400.0,RECEIVED,7.0
PO000701,2024-06-23,SUP010,SKU012,672,2024-06-30,2024-06-29,672,29400.0,RECEIVED,6.0
PO000702,2024-06-28,SUP010,SKU012,588,2024-07-05,2024-07-03,588,29400.0,RECEIVED,5.0
PO000703,2024-07-03,SUP010,SKU012,708,2024-07-10,2024-07-12,708,29400.0,RECEIVED,9.0
PO000704,2024-07-11,SUP010,SKU012,588,2024-07-18,2024-07-18,588,29400.0,RECEIVED,7.0
PO000705,2024-07-13,SUP010,SKU012,684,2024-07-20,2024-07-17,684,29400.0,RECEIVED,4.0
PO000706,2024-07-24,SUP010,SKU012,660,2024-07-31,2024-07-31,660,29400.0,RECEIVED,7.0
PO000707,2024-07-26,SUP010,SKU012,588,2024-08-02,2024-08-01,588,29400.0,RECEIVED,6.0
PO000708,2024-08-01,SUP010,SKU012,648,2024-08-08,2024-08-06,648,29400.0,RECEIVED,5.0
PO000709,2024-08-07,SUP010,SKU012,696,2024-08-14,2024-08-13,696,29400.0,RECEIVED,6.0
PO000710,2024-08-07,SUP010,SKU012,588,2024-08-14,2024-08-16,588,29400.0,RECEIVED,9.0
PO000711,2024-08-16,SUP010,SKU012,660,2024-08-23,2024-08-22,660,29400.0,RECEIVED,6.0
PO000712,2024-08-20,SUP010,SKU012,588,2024-08-27,2024-08-25,588,29400.0,RECEIVED,5.0
PO000713,2024-08-25,SUP010,SKU012,612,2024-09-01,2024-08-31,612,29400.0,RECEIVED,6.0
PO000714,2024-09-02,SUP010,SKU012,588,2024-09-09,2024-09-13,588,29400.0,RECEIVED,11.0
PO000715,2024-09-03,SUP010,SKU012,648,2024-09-10,2024-09-11,648,29400.0,RECEIVED,8.0
PO000716,2024-09-11,SUP010,SKU012,624,2024-09-18,2024-09-17,624,29400.0,RECEIVED,6.0
PO000717,2024-09-17,SUP010,SKU012,588,2024-09-24,2024-09-24,588,29400.0,RECEIVED,7.0
PO000718,2024-09-21,SUP010,SKU012,660,2024-09-28,2024-09-27,660,29400.0,RECEIVED,6.0
PO000719,2024-09-30,SUP010,SKU012,588,2024-10-07,2024-10-06,588,29400.0,RECEIVED,6.0
PO000720,2024-09-30,SUP010,SKU012,588,2024-10-07,2024-10-07,588,29400.0,RECEIVED,7.0
PO000721,2024-10-10,SUP010,SKU012,624,2024-10-17,2024-10-21,624,29400.0,RECEIVED,11.0
PO000722,2024-10-13,SUP010,SKU012,588,2024-10-20,2024-10-18,588,29400.0,RECEIVED,5.0
PO000723,2024-10-21,SUP010,SKU012,624,2024-10-28,2024-10-29,624,29400.0,RECEIVED,8.0
PO000724,2024-10-23,SUP010,SKU012,588,2024-10-30,2024-11-04,588,29400.0,RECEIVED,12.0
PO000725,2024-10-25,SUP010,SKU012,648,2024-11-01,2024-10-29,648,29400.0,RECEIVED,4.0
PO000726,2024-11-05,SUP010,SKU012,624,2024-11-12,2024-11-13,362,29400.0,PARTIAL,8.0
PO000727,2024-11-07,SUP010,SKU012,588,2024-11-14,2024-11-15,588,29400.0,RECEIVED,8.0
PO000728,2024-11-12,SUP010,SKU012,612,2024-11-19,2024-11-21,612,29400.0,RECEIVED,9.0
PO000729,2024-11-18,SUP010,SKU012,588,2024-11-25,2024-11-25,588,29400.0,RECEIVED,7.0
PO000730,2024-11-22,SUP010,SKU012,684,2024-11-29,2024-11-26,684,29400.0,RECEIVED,4.0
PO000731,2024-11-29,SUP010,SKU012,588,2024-12-06,2024-12-06,588,29400.0,RECEIVED,7.0
PO000732,2024-12-01,SUP010,SKU012,672,2024-12-08,2024-12-06,672,29400.0,RECEIVED,5.0
PO000733,2024-12-09,SUP010,SKU012,696,2024-12-16,2024-12-17,696,29400.0,RECEIVED,8.0
PO000734,2024-12-10,SUP010,SKU012,588,2024-12-17,2024-12-19,588,29400.0,RECEIVED,9.0
PO000735,2024-12-18,SUP010,SKU012,804,2024-12-25,2024-12-25,804,29400.0,RECEIVED,7.0
PO000736,2024-12-20,SUP010,SKU012,588,2024-12-27,2024-12-27,588,29400.0,RECEIVED,7.0
PO000737,2024-12-27,SUP010,SKU012,708,2025-01-03,2025-01-03,708,29400.0,RECEIVED,7.0
PO000738,2024-12-28,SUP010,SKU012,588,2025-01-04,2025-01-06,588,29400.0,RECEIVED,9.0
PO000739,2025-01-06,SUP010,SKU012,816,2025-01-13,2025-01-11,816,29400.0,RECEIVED,5.0
PO000740,2025-01-07,SUP010,SKU012,588,2025-01-14,2025-01-13,588,29400.0,RECEIVED,6.0
PO000741,2025-01-14,SUP010,SKU012,804,2025-01-21,2025-01-22,804,29400.0,RECEIVED,8.0
PO000742,2025-01-16,SUP010,SKU012,588,2025-01-23,2025-01-25,588,29400.0,RECEIVED,9.0
PO000743,2025-01-24,SUP010,SKU012,780,2025-01-31,2025-01-31,780,29400.0,RECEIVED,7.0
PO000744,2025-01-27,SUP010,SKU012,588,2025-02-03,2025-02-09,588,29400.0,RECEIVED,13.0
PO000745,2025-02-03,SUP010,SKU012,792,2025-02-10,2025-02-09,792,29400.0,RECEIVED,6.0
PO000746,2025-02-10,SUP010,SKU012,588,2025-02-17,2025-02-15,588,29400.0,RECEIVED,5.0
PO000747,2025-02-12,SUP010,SKU012,768,2025-02-19,2025-02-27,768,29400.0,RECEIVED,15.0
PO000748,2025-02-21,SUP010,SKU012,588,2025-02-28,2025-03-06,588,29400.0,RECEIVED,13.0
PO000749,2025-03-01,SUP010,SKU012,804,2025-03-08,2025-03-07,804,29400.0,RECEIVED,6.0
PO000750,2025-03-07,SUP010,SKU012,876,2025-03-14,2025-03-14,876,29400.0,RECEIVED,7.0
PO000751,2025-03-07,SUP010,SKU012,672,2025-03-14,2025-03-14,672,29400.0,RECEIVED,7.0
PO000752,2025-03-14,SUP010,SKU012,588,2025-03-21,2025-03-20,588,29400.0,RECEIVED,6.0
PO000753,2025-03-15,SUP010,SKU012,816,2025-03-22,2025-03-20,816,29400.0,RECEIVED,5.0
PO000754,2025-03-23,SUP010,SKU012,900,2025-03-30,2025-03-29,900,29400.0,RECEIVED,6.0
PO000755,2025-03-24,SUP010,SKU012,600,2025-03-31,2025-03-29,600,29400.0,RECEIVED,5.0
PO000756,2025-03-28,SUP010,SKU012,588,2025-04-04,2025-04-04,588,29400.0,RECEIVED,7.0
PO000757,2025-03-29,SUP010,SKU012,900,2025-04-05,2025-04-02,900,29400.0,RECEIVED,4.0
PO000758,2025-04-08,SUP010,SKU012,984,2025-04-15,2025-04-14,984,29400.0,RECEIVED,6.0
PO000759,2025-04-08,SUP010,SKU012,624,2025-04-15,2025-04-14,624,29400.0,RECEIVED,6.0
PO000760,2025-04-19,SUP010,SKU012,960,2025-04-26,2025-04-27,960,29400.0,RECEIVED,8.0
PO000761,2025-04-19,SUP010,SKU012,600,2025-04-26,2025-04-25,600,29400.0,RECEIVED,6.0
PO000762,2025-05-01,SUP010,SKU012,924,2025-05-08,2025-05-16,924,29400.0,RECEIVED,15.0
PO000763,2025-05-01,SUP010,SKU012,588,2025-05-08,2025-05-07,588,29400.0,RECEIVED,6.0
PO000764,2025-05-15,SUP010,SKU012,588,2025-05-22,2025-05-22,588,29400.0,RECEIVED,7.0
PO000765,2025-05-20,SUP010,SKU012,780,2025-05-27,2025-05-26,780,29400.0,RECEIVED,6.0
PO000766,2025-05-26,SUP010,SKU012,588,2025-06-02,2025-06-01,588,29400.0,RECEIVED,6.0
PO000767,2025-05-27,SUP010,SKU012,732,2025-06-03,2025-06-02,732,29400.0,RECEIVED,6.0
PO000768,2025-06-06,SUP010,SKU012,744,2025-06-13,2025-06-12,744,29400.0,RECEIVED,6.0
PO000769,2025-06-07,SUP010,SKU012,588,2025-06-14,2025-06-14,588,29400.0,RECEIVED,7.0
PO000770,2025-06-16,SUP010,SKU012,732,2025-06-23,2025-06-24,732,29400.0,RECEIVED,8.0
PO000771,2025-06-22,SUP010,SKU012,588,2025-06-29,2025-06-28,588,29400.0,RECEIVED,6.0
PO000772,2025-06-26,SUP010,SKU012,660,2025-07-03,2025-07-02,660,29400.0,RECEIVED,6.0
PO000773,2025-07-05,SUP010,SKU012,672,2025-07-12,2025-07-10,672,29400.0,RECEIVED,5.0
PO000774,2025-07-05,SUP010,SKU012,588,2025-07-12,2025-07-14,588,29400.0,RECEIVED,9.0
PO000775,2025-07-14,SUP010,SKU012,648,2025-07-21,2025-07-19,648,29400.0,RECEIVED,5.0
PO000776,2025-07-18,SUP010,SKU012,588,2025-07-25,2025-08-03,588,29400.0,RECEIVED,16.0
PO000777,2025-07-23,SUP010,SKU012,696,2025-07-30,2025-07-28,696,29400.0,RECEIVED,5.0
PO000778,2025-08-02,SUP010,SKU012,588,2025-08-09,,0,29400.0,CANCELLED,
PO000779,2025-08-03,SUP010,SKU012,624,2025-08-10,2025-08-10,624,29400.0,RECEIVED,7.0
PO000780,2025-08-08,SUP010,SKU012,588,2025-08-15,2025-08-14,588,29400.0,RECEIVED,6.0
PO000781,2025-08-14,SUP010,SKU012,612,2025-08-21,2025-08-22,612,29400.0,RECEIVED,8.0
PO000782,2025-08-22,SUP010,SKU012,588,2025-08-29,2025-08-30,588,29400.0,RECEIVED,8.0
PO000783,2025-08-25,SUP010,SKU012,612,2025-09-01,2025-09-02,612,29400.0,RECEIVED,8.0
PO000784,2025-09-04,SUP010,SKU012,588,2025-09-11,2025-09-10,588,29400.0,RECEIVED,6.0
PO000785,2025-09-05,SUP010,SKU012,588,2025-09-12,2025-09-11,588,29400.0,RECEIVED,6.0
PO000786,2025-09-16,SUP010,SKU012,588,2025-09-23,2025-09-25,588,29400.0,RECEIVED,9.0
PO000787,2025-09-17,SUP010,SKU012,588,2025-09-24,2025-09-24,588,29400.0,RECEIVED,7.0
PO000788,2025-09-29,SUP010,SKU012,624,2025-10-06,2025-10-06,0,29400.0,OPEN,7.0
PO000789,2025-09-30,SUP010,SKU012,588,2025-10-07,2025-10-06,0,29400.0,OPEN,6.0
PO000790,2023-10-01,SUP011,SKU013,3036,2023-11-03,2023-11-01,3036,30700.0,RECEIVED,31.0
PO000791,2023-10-01,SUP011,SKU013,1062,2023-11-03,2023-10-31,823,30700.0,PARTIAL,30.0
PO000792,2023-10-04,SUP011,SKU013,2232,2023-11-06,2023-11-09,2232,30700.0,RECEIVED,36.0
PO000793,2023-10-10,SUP011,SKU013,3342,2023-11-12,2023-11-23,3342,30700.0,RECEIVED,44.0
PO000794,2023-11-27,SUP011,SKU013,2016,2023-12-30,2024-01-03,2016,30700.0,RECEIVED,37.0
PO000795,2023-12-11,SUP011,SKU013,3150,2024-01-13,2024-01-15,3150,30700.0,RECEIVED,35.0
PO000796,2024-01-18,SUP011,SKU013,1680,2024-02-20,2024-02-26,1680,30700.0,RECEIVED,39.0
PO000797,2024-02-16,SUP011,SKU013,2196,2024-03-20,2024-03-19,2196,30700.0,RECEIVED,32.0
PO000798,2024-03-12,SUP011,SKU013,1344,2024-04-14,2024-04-17,1344,30700.0,RECEIVED,36.0
PO000799,2024-03-19,SUP011,SKU013,2190,2024-04-21,2024-04-18,2190,30700.0,RECEIVED,30.0
PO000800,2024-04-10,SUP011,SKU013,3030,2024-05-13,2024-05-10,3030,30700.0,RECEIVED,30.0
PO000801,2024-04-10,SUP011,SKU013,1806,2024-05-13,2024-05-14,1806,30700.0,RECEIVED,34.0
PO000802,2024-05-27,SUP011,SKU013,2706,2024-06-29,2024-07-01,2706,30700.0,RECEIVED,35.0
PO000803,2024-05-31,SUP011,SKU013,1584,2024-07-03,2024-06-30,1584,30700.0,RECEIVED,30.0
PO000804,2024-07-01,SUP011,SKU013,2802,2024-08-03,2024-08-01,2802,30700.0,RECEIVED,31.0
PO000805,2024-07-02,SUP011,SKU013,1704,2024-08-04,2024-08-01,1704,30700.0,RECEIVED,30.0
PO000806,2024-07-30,SUP011,SKU013,2988,2024-09-01,2024-08-29,2988,30700.0,RECEIVED,30.0
PO000807,2024-08-01,SUP011,SKU013,1932,2024-09-03,2024-09-01,1932,30700.0,RECEIVED,31.0
PO000808,2024-08-28,SUP011,SKU013,3330,2024-09-30,2024-10-05,3330,30700.0,RECEIVED,38.0
PO000809,2024-09-04,SUP011,SKU013,2052,2024-10-07,2024-10-06,2052,30700.0,RECEIVED,32.0
PO000810,2024-09-27,SUP011,SKU013,3582,2024-10-30,2024-10-27,3582,30700.0,RECEIVED,30.0
PO000811,2024-10-07,SUP011,SKU013,2352,2024-11-09,2024-11-13,2352,30700.0,RECEIVED,37.0
PO000812,2024-11-12,SUP011,SKU013,3420,2024-12-15,2024-12-12,3420,30700.0,RECEIVED,30.0
PO000813,2024-11-27,SUP011,SKU013,2028,2024-12-30,2024-12-31,2028,30700.0,RECEIVED,34.0
PO000814,2025-01-02,SUP011,SKU013,2970,2025-02-04,2025-02-09,2970,30700.0,RECEIVED,38.0
PO000815,2025-01-20,SUP011,SKU013,1614,2025-02-22,2025-02-23,1614,30700.0,RECEIVED,34.0
PO000816,2025-03-12,SUP011,SKU013,2124,2025-04-14,2025-04-19,2124,30700.0,RECEIVED,38.0
PO000817,2025-03-15,SUP011,SKU013,1290,2025-04-17,2025-04-25,1290,30700.0,RECEIVED,41.0
PO000818,2025-04-08,SUP011,SKU013,2304,2025-05-11,2025-05-15,2304,30700.0,RECEIVED,37.0
PO000819,2025-04-27,SUP011,SKU013,1512,2025-05-30,2025-06-09,1512,30700.0,RECEIVED,43.0
PO000820,2025-05-22,SUP011,SKU013,2334,2025-06-24,2025-06-21,2334,30700.0,RECEIVED,30.0
PO000821,2025-06-11,SUP011,SKU013,1632,2025-07-14,2025-07-11,1632,30700.0,RECEIVED,30.0
PO000822,2025-06-17,SUP011,SKU013,2562,2025-07-20,2025-07-17,2562,30700.0,RECEIVED,30.0
PO000823,2025-07-11,SUP011,SKU013,1902,2025-08-13,2025-08-14,1902,30700.0,RECEIVED,34.0
PO000824,2025-07-12,SUP011,SKU013,3036,2025-08-14,2025-08-19,3036,30700.0,RECEIVED,38.0
PO000825,2025-08-13,SUP011,SKU013,3378,2025-09-15,2025-09-12,3378,30700.0,RECEIVED,30.0
PO000826,2025-08-20,SUP011,SKU013,1944,2025-09-22,2025-09-19,1944,30700.0,RECEIVED,30.0
PO000827,2025-09-11,SUP011,SKU013,2184,2025-10-14,2025-10-24,0,30700.0,OPEN,43.0
PO000828,2025-09-12,SUP011,SKU013,3750,2025-10-15,2025-10-12,0,30700.0,OPEN,30.0
PO000829,2023-10-09,SUP010,SKU014,324,2023-10-19,2023-10-16,324,28250.0,RECEIVED,7.0
PO000830,2023-10-10,SUP010,SKU014,324,2023-10-20,2023-10-20,324,28250.0,RECEIVED,10.0
PO000831,2023-10-29,SUP010,SKU014,324,2023-11-08,2023-11-14,324,28250.0,RECEIVED,16.0
PO000832,2023-11-08,SUP010,SKU014,324,2023-11-18,2023-11-18,324,28250.0,RECEIVED,10.0
PO000833,2023-11-22,SUP010,SKU014,324,2023-12-02,2023-11-30,324,28250.0,RECEIVED,8.0
PO000834,2023-12-09,SUP010,SKU014,324,2023-12-19,2023-12-29,324,28250.0,RECEIVED,20.0
PO000835,2023-12-09,SUP010,SKU014,324,2023-12-19,2023-12-16,324,28250.0,RECEIVED,7.0
PO000836,2023-12-29,SUP010,SKU014,324,2024-01-08,2024-01-07,324,28250.0,RECEIVED,9.0
PO000837,2024-01-01,SUP010,SKU014,324,2024-01-11,2024-01-11,324,28250.0,RECEIVED,10.0
PO000838,2024-01-19,SUP010,SKU014,324,2024-01-29,2024-01-26,324,28250.0,RECEIVED,7.0
PO000839,2024-01-26,SUP010,SKU014,324,2024-02-05,2024-02-04,324,28250.0,RECEIVED,9.0
PO000840,2024-02-08,SUP010,SKU014,324,2024-02-18,2024-02-20,324,28250.0,RECEIVED,12.0
PO000841,2024-03-04,SUP010,SKU014,324,2024-03-14,2024-03-16,324,28250.0,RECEIVED,12.0
PO000842,2024-03-04,SUP010,SKU014,324,2024-03-14,2024-03-11,324,28250.0,RECEIVED,7.0
PO000843,2024-03-22,SUP010,SKU014,324,2024-04-01,2024-04-05,324,28250.0,RECEIVED,14.0
PO000844,2024-03-28,SUP010,SKU014,324,2024-04-07,2024-04-04,324,28250.0,RECEIVED,7.0
PO000845,2024-04-11,SUP010,SKU014,324,2024-04-21,2024-04-19,324,28250.0,RECEIVED,8.0
PO000846,2024-04-29,SUP010,SKU014,324,2024-05-09,2024-05-08,324,28250.0,RECEIVED,9.0
PO000847,2024-05-02,SUP010,SKU014,324,2024-05-12,2024-05-12,324,28250.0,RECEIVED,10.0
PO000848,2024-05-27,SUP010,SKU014,324,2024-06-06,2024-06-04,324,28250.0,RECEIVED,8.0
PO000849,2024-06-07,SUP010,SKU014,324,2024-06-17,,0,28250.0,CANCELLED,
PO000850,2024-06-08,SUP010,SKU014,324,2024-06-18,2024-06-20,324,28250.0,RECEIVED,12.0
PO000851,2024-06-20,SUP010,SKU014,324,2024-06-30,2024-07-01,324,28250.0,RECEIVED,11.0
PO000852,2024-07-14,SUP010,SKU014,324,2024-07-24,2024-07-22,324,28250.0,RECEIVED,8.0
PO000853,2024-07-17,SUP010,SKU014,324,2024-07-27,2024-07-31,324,28250.0,RECEIVED,14.0
PO000854,2024-08-07,SUP010,SKU014,324,2024-08-17,2024-08-14,324,28250.0,RECEIVED,7.0
PO000855,2024-08-25,SUP010,SKU014,324,2024-09-04,2024-09-12,209,28250.0,PARTIAL,18.0
PO000856,2024-08-29,SUP010,SKU014,324,2024-09-08,2024-09-05,324,28250.0,RECEIVED,7.0
PO000857,2024-09-17,SUP010,SKU014,324,2024-09-27,2024-10-01,324,28250.0,RECEIVED,14.0
PO000858,2024-09-30,SUP010,SKU014,324,2024-10-10,2024-10-08,324,28250.0,RECEIVED,8.0
PO000859,2024-10-09,SUP010,SKU014,324,2024-10-19,2024-10-16,324,28250.0,RECEIVED,7.0
PO000860,2024-10-28,SUP010,SKU014,324,2024-11-07,2024-11-06,324,28250.0,RECEIVED,9.0
PO000861,2024-11-07,SUP010,SKU014,324,2024-11-17,2024-11-16,324,28250.0,RECEIVED,9.0
PO000862,2024-11-18,SUP010,SKU014,324,2024-11-28,2024-11-29,324,28250.0,RECEIVED,11.0
PO000863,2024-12-06,SUP010,SKU014,324,2024-12-16,2024-12-14,324,28250.0,RECEIVED,8.0
PO000864,2024-12-18,SUP010,SKU014,324,2024-12-28,2024-12-25,324,28250.0,RECEIVED,7.0
PO000865,2024-12-23,SUP010,SKU014,324,2025-01-02,2025-01-01,324,28250.0,RECEIVED,9.0
PO000866,2025-01-06,SUP010,SKU014,324,2025-01-16,2025-01-13,324,28250.0,RECEIVED,7.0
PO000867,2025-01-19,SUP010,SKU014,324,2025-01-29,2025-01-28,241,28250.0,PARTIAL,9.0
PO000868,2025-01-24,SUP010,SKU014,324,2025-02-03,2025-02-03,324,28250.0,RECEIVED,10.0
PO000869,2025-02-12,SUP010,SKU014,324,2025-02-22,2025-02-20,324,28250.0,RECEIVED,8.0
PO000870,2025-03-01,SUP010,SKU014,324,2025-03-11,2025-03-10,324,28250.0,RECEIVED,9.0
PO000871,2025-03-16,SUP010,SKU014,324,2025-03-26,2025-03-23,324,28250.0,RECEIVED,7.0
PO000872,2025-03-31,SUP010,SKU014,324,2025-04-10,2025-04-14,324,28250.0,RECEIVED,14.0
PO000873,2025-04-19,SUP010,SKU014,324,2025-04-29,2025-04-26,324,28250.0,RECEIVED,7.0
PO000874,2025-05-12,SUP010,SKU014,324,2025-05-22,2025-05-22,324,28250.0,RECEIVED,10.0
PO000875,2025-06-04,SUP010,SKU014,324,2025-06-14,2025-06-14,324,28250.0,RECEIVED,10.0
PO000876,2025-06-27,SUP010,SKU014,324,2025-07-07,2025-07-16,324,28250.0,RECEIVED,19.0
PO000877,2025-07-28,SUP010,SKU014,324,2025-08-07,2025-08-09,324,28250.0,RECEIVED,12.0
PO000878,2025-08-21,SUP010,SKU014,324,2025-08-31,2025-09-01,324,28250.0,RECEIVED,11.0
PO000879,2025-09-11,SUP010,SKU014,324,2025-09-21,2025-09-24,324,28250.0,RECEIVED,13.0
PO000880,2023-10-04,SUP003,SKU015,1824,2023-10-21,2023-10-21,1824,27100.0,RECEIVED,17.0
PO000881,2023-10-04,SUP003,SKU015,1104,2023-10-21,2023-10-24,1104,27100.0,RECEIVED,20.0
PO000882,2023-10-17,SUP003,SKU015,1656,2023-11-03,2023-11-04,1656,27100.0,RECEIVED,18.0
PO000883,2023-10-17,SUP003,SKU015,1176,2023-11-03,2023-10-31,1176,27100.0,RECEIVED,14.0
PO000884,2023-11-06,SUP003,SKU015,1992,2023-11-23,2023-11-20,1992,27100.0,RECEIVED,14.0
PO000885,2023-11-07,SUP003,SKU015,1128,2023-11-24,2023-11-21,1128,27100.0,RECEIVED,14.0
PO000886,2023-12-02,SUP003,SKU015,1632,2023-12-19,2023-12-20,1632,27100.0,RECEIVED,18.0
PO000887,2023-12-05,SUP003,SKU015,1056,2023-12-22,2023-12-27,1056,27100.0,RECEIVED,22.0
PO000888,2023-12-26,SUP003,SKU015,1536,2024-01-12,2024-01-13,1536,27100.0,RECEIVED,18.0
PO000889,2023-12-27,SUP003,SKU015,984,2024-01-13,2024-01-13,984,27100.0,RECEIVED,17.0
PO000890,2024-01-16,SUP003,SKU015,1464,2024-02-02,2024-01-31,1464,27100.0,RECEIVED,15.0
PO000891,2024-01-20,SUP003,SKU015,912,2024-02-06,2024-02-07,912,27100.0,RECEIVED,18.0
PO000892,2024-02-14,SUP003,SKU015,1368,2024-03-02,2024-03-01,1368,27100.0,RECEIVED,16.0
PO000893,2024-02-22,SUP003,SKU015,792,2024-03-10,2024-03-09,792,27100.0,RECEIVED,16.0
PO000894,2024-03-13,SUP003,SKU015,1152,2024-03-30,2024-03-29,1152,27100.0,RECEIVED,16.0
PO000895,2024-03-13,SUP003,SKU015,696,2024-03-30,2024-04-02,696,27100.0,RECEIVED,20.0
PO000896,2024-03-23,SUP003,SKU015,1296,2024-04-09,2024-04-07,1296,27100.0,RECEIVED,15.0
PO000897,2024-03-25,SUP003,SKU015,792,2024-04-11,2024-04-08,792,27100.0,RECEIVED,14.0
PO000898,2024-04-08,SUP003,SKU015,1392,2024-04-25,2024-04-30,1392,27100.0,RECEIVED,22.0
PO000899,2024-04-11,SUP003,SKU015,912,2024-04-28,2024-04-25,912,27100.0,RECEIVED,14.0
PO000900,2024-04-23,SUP003,SKU015,1560,2024-05-10,,0,27100.0,CANCELLED,
PO000901,2024-04-24,SUP003,SKU015,1656,2024-05-11,2024-05-10,1656,27100.0,RECEIVED,16.0
PO000902,2024-05-02,SUP003,SKU015,936,2024-05-19,2024-05-21,936,27100.0,RECEIVED,19.0
PO000903,2024-05-22,SUP003,SKU015,1440,2024-06-08,2024-06-09,1440,27100.0,RECEIVED,18.0
PO000904,2024-05-26,SUP003,SKU015,864,2024-06-12,2024-06-14,864,27100.0,RECEIVED,19.0
PO000905,2024-06-13,SUP003,SKU015,1416,2024-06-30,2024-07-04,1416,27100.0,RECEIVED,21.0
PO000906,2024-06-14,SUP003,SKU015,936,2024-07-01,2024-07-04,936,27100.0,RECEIVED,20.0
PO000907,2024-07-01,SUP003,SKU015,1344,2024-07-18,2024-07-24,1344,27100.0,RECEIVED,23.0
PO000908,2024-07-04,SUP003,SKU015,912,2024-07-21,2024-07-19,462,27100.0,PARTIAL,15.0
PO000909,2024-07-15,SUP003,SKU015,1464,2024-08-01,2024-08-07,1464,27100.0,RECEIVED,23.0
PO000910,2024-07-19,SUP003,SKU015,1272,2024-08-05,2024-08-05,1272,27100.0,RECEIVED,17.0
PO000911,2024-08-05,SUP003,SKU015,1608,2024-08-22,2024-08-25,1608,27100.0,RECEIVED,20.0
PO000912,2024-08-15,SUP003,SKU015,984,2024-09-01,2024-08-29,984,27100.0,RECEIVED,14.0
PO000913,2024-08-24,SUP003,SKU015,1704,2024-09-10,2024-09-14,1704,27100.0,RECEIVED,21.0
PO000914,2024-09-06,SUP003,SKU015,1008,2024-09-23,,0,27100.0,CANCELLED,
PO000915,2024-09-07,SUP003,SKU015,1032,2024-09-24,2024-09-29,1032,27100.0,RECEIVED,22.0
PO000916,2024-09-22,SUP003,SKU015,1440,2024-10-09,2024-10-08,1440,27100.0,RECEIVED,16.0
PO000917,2024-10-09,SUP003,SKU015,1584,2024-10-26,2024-10-26,1584,27100.0,RECEIVED,17.0
PO000918,2024-10-09,SUP003,SKU015,912,2024-10-26,2024-10-28,912,27100.0,RECEIVED,19.0
PO000919,2024-10-30,SUP003,SKU015,1440,2024-11-16,2024-11-19,1440,27100.0,RECEIVED,20.0
PO000920,2024-11-06,SUP003,SKU015,960,2024-11-23,2024-11-25,960,27100.0,RECEIVED,19.0
PO000921,2024-11-14,SUP003,SKU015,1536,2024-12-01,2024-11-28,1536,27100.0,RECEIVED,14.0
PO000922,2024-12-03,SUP003,SKU015,960,2024-12-20,2024-12-17,960,27100.0,RECEIVED,14.0
PO000923,2024-12-05,SUP003,SKU015,1536,2024-12-22,2024-12-19,1536,27100.0,RECEIVED,14.0
PO000924,2024-12-22,SUP003,SKU015,960,2025-01-08,2025-01-09,960,27100.0,RECEIVED,18.0
PO000925,2024-12-24,SUP003,SKU015,1608,2025-01-10,2025-01-13,1608,27100.0,RECEIVED,20.0
PO000926,2025-01-17,SUP003,SKU015,1488,2025-02-03,2025-02-02,1181,27100.0,PARTIAL,16.0
PO000927,2025-01-24,SUP003,SKU015,840,2025-02-10,2025-02-07,840,27100.0,RECEIVED,14.0
PO000928,2025-02-12,SUP003,SKU015,1512,2025-03-01,2025-02-27,1512,27100.0,RECEIVED,15.0
PO000929,2025-02-12,SUP003,SKU015,888,2025-03-01,2025-02-26,888,27100.0,RECEIVED,14.0
PO000930,2025-03-07,SUP003,SKU015,1248,2025-03-24,2025-03-30,1248,27100.0,RECEIVED,23.0
PO000931,2025-03-08,SUP003,SKU015,792,2025-03-25,2025-03-22,792,27100.0,RECEIVED,14.0
PO000932,2025-03-29,SUP003,SKU015,864,2025-04-15,2025-04-19,864,27100.0,RECEIVED,21.0
PO000933,2025-03-30,SUP003,SKU015,1392,2025-04-16,2025-04-13,1392,27100.0,RECEIVED,14.0
PO000934,2025-04-26,SUP003,SKU015,1368,2025-05-13,2025-05-11,1368,27100.0,RECEIVED,15.0
PO000935,2025-05-02,SUP003,SKU015,792,2025-05-19,2025-05-27,792,27100.0,RECEIVED,25.0
PO000936,2025-05-20,SUP003,SKU015,1272,2025-06-06,2025-06-16,1272,27100.0,RECEIVED,27.0
PO000937,2025-05-29,SUP003,SKU015,816,2025-06-15,2025-06-15,816,27100.0,RECEIVED,17.0
PO000938,2025-05-31,SUP003,SKU015,1320,2025-06-17,2025-06-15,1320,27100.0,RECEIVED,15.0
PO000939,2025-06-20,SUP003,SKU015,984,2025-07-07,2025-07-15,984,27100.0,RECEIVED,25.0
PO000940,2025-06-28,SUP003,SKU015,1536,2025-07-15,2025-07-16,1536,27100.0,RECEIVED,18.0
PO000941,2025-07-19,SUP003,SKU015,1584,2025-08-05,2025-08-09,1584,27100.0,RECEIVED,21.0
PO000942,2025-07-21,SUP003,SKU015,1056,2025-08-07,2025-08-12,1056,27100.0,RECEIVED,22.0
PO000943,2025-08-13,SUP003,SKU015,1608,2025-08-30,2025-08-27,1608,27100.0,RECEIVED,14.0
PO000944,2025-08-21,SUP003,SKU015,984,2025-09-07,2025-09-09,984,27100.0,RECEIVED,19.0
PO000945,2025-08-30,SUP003,SKU015,1704,2025-09-16,2025-09-20,1704,27100.0,RECEIVED,21.0
PO000946,2025-09-17,SUP003,SKU015,984,2025-10-04,2025-10-04,0,27100.0,OPEN,17.0
PO000947,2025-09-24,SUP003,SKU015,1584,2025-10-11,2025-10-12,0,27100.0,OPEN,18.0
PO000948,2023-10-07,SUP004,SKU016,942,2023-10-11,2023-10-09,942,8700.0,RECEIVED,2.0
PO000949,2023-10-10,SUP004,SKU016,942,2023-10-14,2023-10-12,942,8700.0,RECEIVED,2.0
PO000950,2023-12-11,SUP004,SKU016,942,2023-12-15,2023-12-13,942,8700.0,RECEIVED,2.0
PO000951,2024-01-14,SUP004,SKU016,942,2024-01-18,2024-01-18,942,8700.0,RECEIVED,4.0
PO000952,2024-02-11,SUP004,SKU016,942,2024-02-15,2024-02-15,942,8700.0,RECEIVED,4.0
PO000953,2024-03-28,SUP004,SKU016,942,2024-04-01,2024-04-01,942,8700.0,RECEIVED,4.0
PO000954,2024-04-10,SUP004,SKU016,942,2024-04-14,2024-04-13,942,8700.0,RECEIVED,3.0
PO000955,2024-05-09,SUP004,SKU016,942,2024-05-13,2024-05-11,942,8700.0,RECEIVED,2.0
PO000956,2024-06-21,SUP004,SKU016,942,2024-06-25,2024-06-26,942,8700.0,RECEIVED,5.0
PO000957,2024-06-26,SUP004,SKU016,942,2024-06-30,2024-07-01,942,8700.0,RECEIVED,5.0
PO000958,2024-08-09,SUP004,SKU016,942,2024-08-13,2024-08-13,942,8700.0,RECEIVED,4.0
PO000959,2024-09-07,SUP004,SKU016,942,2024-09-11,2024-09-11,942,8700.0,RECEIVED,4.0
PO000960,2024-10-01,SUP004,SKU016,942,2024-10-05,2024-10-04,942,8700.0,RECEIVED,3.0
PO000961,2024-11-26,SUP004,SKU016,942,2024-11-30,2024-11-29,942,8700.0,RECEIVED,3.0
PO000962,2024-12-04,SUP004,SKU016,942,2024-12-08,2024-12-07,942,8700.0,RECEIVED,3.0
PO000963,2025-01-23,SUP004,SKU016,942,2025-01-27,2025-02-04,942,8700.0,RECEIVED,12.0
PO000964,2025-03-08,SUP004,SKU016,942,2025-03-12,2025-03-17,942,8700.0,RECEIVED,9.0
PO000965,2025-03-21,SUP004,SKU016,942,2025-03-25,2025-03-25,942,8700.0,RECEIVED,4.0
PO000966,2025-05-15,SUP004,SKU016,942,2025-05-19,2025-05-17,942,8700.0,RECEIVED,2.0
PO000967,2025-05-30,SUP004,SKU016,942,2025-06-03,2025-06-01,942,8700.0,RECEIVED,2.0
PO000968,2025-07-03,SUP004,SKU016,942,2025-07-07,2025-07-07,942,8700.0,RECEIVED,4.0
PO000969,2025-08-16,SUP004,SKU016,942,2025-08-20,2025-08-18,942,8700.0,RECEIVED,2.0
PO000970,2025-08-18,SUP004,SKU016,942,2025-08-22,2025-08-22,942,8700.0,RECEIVED,4.0
PO000971,2025-09-29,SUP004,SKU016,942,2025-10-03,2025-10-01,0,8700.0,OPEN,2.0
PO000972,2023-10-10,SUP010,SKU017,252,2023-10-17,2023-10-18,252,7400.0,RECEIVED,8.0
PO000973,2023-10-10,SUP010,SKU017,174,2023-10-17,2023-10-14,174,7400.0,RECEIVED,4.0
PO000974,2023-10-19,SUP010,SKU017,216,2023-10-26,2023-10-26,216,7400.0,RECEIVED,7.0
PO000975,2023-10-20,SUP010,SKU017,174,2023-10-27,2023-10-26,174,7400.0,RECEIVED,6.0
PO000976,2023-10-26,SUP010,SKU017,222,2023-11-02,2023-11-02,222,7400.0,RECEIVED,7.0
PO000977,2023-10-30,SUP010,SKU017,174,2023-11-06,2023-11-06,174,7400.0,RECEIVED,7.0
PO000978,2023-11-03,SUP010,SKU017,210,2023-11-10,2023-11-09,210,7400.0,RECEIVED,6.0
PO000979,2023-11-10,SUP010,SKU017,174,2023-11-17,2023-11-24,174,7400.0,RECEIVED,14.0
PO000980,2023-11-11,SUP010,SKU017,222,2023-11-18,2023-11-16,222,7400.0,RECEIVED,5.0
PO000981,2023-11-20,SUP010,SKU017,240,2023-11-27,2023-11-24,240,7400.0,RECEIVED,4.0
PO000982,2023-11-26,SUP010,SKU017,174,2023-12-03,2023-12-03,174,7400.0,RECEIVED,7.0
PO000983,2023-11-29,SUP010,SKU017,252,2023-12-06,2023-12-05,252,7400.0,RECEIVED,6.0
PO000984,2023-12-05,SUP010,SKU017,174,2023-12-12,2023-12-13,174,7400.0,RECEIVED,8.0
PO000985,2023-12-06,SUP010,SKU017,240,2023-12-13,2023-12-13,240,7400.0,RECEIVED,7.0
PO000986,2023-12-15,SUP010,SKU017,252,2023-12-22,2023-12-19,252,7400.0,RECEIVED,4.0
PO000987,2023-12-15,SUP010,SKU017,174,2023-12-22,2023-12-22,174,7400.0,RECEIVED,7.0
PO000988,2023-12-22,SUP010,SKU017,258,2023-12-29,2023-12-27,258,7400.0,RECEIVED,5.0
PO000989,2023-12-23,SUP010,SKU017,174,2023-12-30,2023-12-29,174,7400.0,RECEIVED,6.0
PO000990,2023-12-28,SUP010,SKU017,252,2024-01-04,2024-01-08,252,7400.0,RECEIVED,11.0
PO000991,2023-12-30,SUP010,SKU017,174,2024-01-06,2024-01-06,174,7400.0,RECEIVED,7.0
PO000992,2024-01-07,SUP010,SKU017,234,2024-01-14,2024-01-13,234,7400.0,RECEIVED,6.0
PO000993,2024-01-13,SUP010,SKU017,174,2024-01-20,2024-01-20,174,7400.0,RECEIVED,7.0
PO000994,2024-01-18,SUP010,SKU017,246,2024-01-25,2024-01-23,246,7400.0,RECEIVED,5.0
PO000995,2024-01-24,SUP010,SKU017,174,2024-01-31,2024-02-09,174,7400.0,RECEIVED,16.0
PO000996,2024-01-29,SUP010,SKU017,240,2024-02-05,2024-02-04,240,7400.0,RECEIVED,6.0
PO000997,2024-02-09,SUP010,SKU017,222,2024-02-16,2024-02-14,222,7400.0,RECEIVED,5.0
PO000998,2024-02-12,SUP010,SKU017,174,2024-02-19,2024-02-22,174,7400.0,RECEIVED,10.0
PO000999,2024-02-21,SUP010,SKU017,198,2024-02-28,2024-02-28,198,7400.0,RECEIVED,7.0
PO001000,2024-02-27,SUP010,SKU017,174,2024-03-05,2024-03-04,174,7400.0,RECEIVED,6.0
PO001001,2024-03-02,SUP010,SKU017,180,2024-03-09,2024-03-13,180,7400.0,RECEIVED,11.0
PO001002,2024-03-10,SUP010,SKU017,180,2024-03-17,2024-03-17,180,7400.0,RECEIVED,7.0
PO001003,2024-03-11,SUP010,SKU017,174,2024-03-18,2024-03-17,174,7400.0,RECEIVED,6.0
PO001004,2024-03-20,SUP010,SKU017,180,2024-03-27,2024-03-25,180,7400.0,RECEIVED,5.0
PO001005,2024-03-23,SUP010,SKU017,174,2024-03-30,2024-04-06,174,7400.0,RECEIVED,14.0
PO001006,2024-03-29,SUP010,SKU017,174,2024-04-05,2024-04-04,174,7400.0,RECEIVED,6.0
PO001007,2024-04-07,SUP010,SKU017,174,2024-04-14,2024-04-12,174,7400.0,RECEIVED,5.0
PO001008,2024-04-11,SUP010,SKU017,174,2024-04-18,2024-04-16,174,7400.0,RECEIVED,5.0
PO001009,2024-04-17,SUP010,SKU017,186,2024-04-24,2024-04-24,186,7400.0,RECEIVED,7.0
PO001010,2024-04-27,SUP010,SKU017,174,2024-05-04,2024-05-05,174,7400.0,RECEIVED,8.0
PO001011,2024-04-29,SUP010,SKU017,174,2024-05-06,2024-05-06,174,7400.0,RECEIVED,7.0
PO001012,2024-05-09,SUP010,SKU017,174,2024-05-16,2024-05-16,174,7400.0,RECEIVED,7.0
PO001013,2024-05-19,SUP010,SKU017,174,2024-05-26,2024-05-25,174,7400.0,RECEIVED,6.0
PO001014,2024-05-23,SUP010,SKU017,174,2024-05-30,2024-05-28,174,7400.0,RECEIVED,5.0
PO001015,2024-06-05,SUP010,SKU017,174,2024-06-12,2024-06-11,174,7400.0,RECEIVED,6.0
PO001016,2024-06-09,SUP010,SKU017,174,2024-06-16,2024-06-16,174,7400.0,RECEIVED,7.0
PO001017,2024-06-17,SUP010,SKU017,174,2024-06-24,2024-06-30,174,7400.0,RECEIVED,13.0
PO001018,2024-06-27,SUP010,SKU017,174,2024-07-04,2024-07-04,174,7400.0,RECEIVED,7.0
PO001019,2024-07-03,SUP010,SKU017,174,2024-07-10,2024-07-07,174,7400.0,RECEIVED,4.0
PO001020,2024-07-08,SUP010,SKU017,180,2024-07-15,2024-07-14,180,7400.0,RECEIVED,
PO001021,2024-07-08,SUP010,SKU017,174,2024-07-15,2024-07-20,174,7400.0,RECEIVED,12.0
PO001022,2024-07-15,SUP010,SKU017,174,2024-07-22,2024-07-20,174,7400.0,RECEIVED,5.0
PO001023,2024-07-24,SUP010,SKU017,174,2024-07-31,2024-07-29,174,7400.0,RECEIVED,5.0
PO001024,2024-07-26,SUP010,SKU017,174,2024-08-02,2024-08-01,174,7400.0,RECEIVED,6.0
PO001025,2024-08-01,SUP010,SKU017,174,2024-08-08,2024-08-06,174,7400.0,RECEIVED,5.0
PO001026,2024-08-08,SUP010,SKU017,174,2024-08-15,2024-08-15,174,7400.0,RECEIVED,7.0
PO001027,2024-08-09,SUP010,SKU017,174,2024-08-16,2024-08-16,144,7400.0,PARTIAL,7.0
PO001028,2024-08-16,SUP010,SKU017,174,2024-08-23,2024-08-23,174,7400.0,RECEIVED,7.0
PO001029,2024-08-20,SUP010,SKU017,174,2024-08-27,2024-08-27,141,7400.0,PARTIAL,7.0
PO001030,2024-08-24,SUP010,SKU017,174,2024-08-31,2024-09-01,174,7400.0,RECEIVED,8.0
PO001031,2024-09-02,SUP010,SKU017,174,2024-09-09,2024-09-08,174,7400.0,RECEIVED,6.0
PO001032,2024-09-03,SUP010,SKU017,174,2024-09-10,2024-09-12,174,7400.0,RECEIVED,9.0
PO001033,2024-09-10,SUP010,SKU017,204,2024-09-17,2024-09-15,204,7400.0,RECEIVED,5.0
PO001034,2024-09-19,SUP010,SKU017,174,2024-09-26,2024-09-23,174,7400.0,RECEIVED,4.0
PO001035,2024-09-20,SUP010,SKU017,186,2024-09-27,2024-10-04,186,7400.0,RECEIVED,14.0
PO001036,2024-09-30,SUP010,SKU017,174,2024-10-07,,0,7400.0,CANCELLED,
PO001037,2024-10-01,SUP010,SKU017,174,2024-10-08,2024-10-08,174,7400.0,RECEIVED,7.0
PO001038,2024-10-04,SUP010,SKU017,216,2024-10-11,2024-10-08,216,7400.0,RECEIVED,4.0
PO001039,2024-10-11,SUP010,SKU017,240,2024-10-18,2024-10-17,240,7400.0,RECEIVED,6.0
PO001040,2024-10-11,SUP010,SKU017,174,2024-10-18,2024-10-18,174,7400.0,RECEIVED,7.0
PO001041,2024-10-19,SUP010,SKU017,222,2024-10-26,2024-10-25,222,7400.0,RECEIVED,6.0
PO001042,2024-10-22,SUP010,SKU017,174,2024-10-29,2024-11-03,174,7400.0,RECEIVED,12.0
PO001043,2024-10-26,SUP010,SKU017,222,2024-11-02,,0,7400.0,CANCELLED,
PO001044,2024-10-27,SUP010,SKU017,234,2024-11-03,2024-11-02,234,7400.0,RECEIVED,6.0
PO001045,2024-11-05,SUP010,SKU017,240,2024-11-12,2024-11-11,240,7400.0,RECEIVED,6.0
PO001046,2024-11-07,SUP010,SKU017,174,2024-11-14,2024-11-19,174,7400.0,RECEIVED,12.0
PO001047,2024-11-14,SUP010,SKU017,234,2024-11-21,2024-11-19,234,7400.0,RECEIVED,5.0
PO001048,2024-11-21,SUP010,SKU017,240,2024-11-28,2024-11-27,240,7400.0,RECEIVED,6.0
PO001049,2024-11-22,SUP010,SKU017,174,2024-11-29,2024-11-27,98,7400.0,PARTIAL,5.0
PO001050,2024-11-29,SUP010,SKU017,234,2024-12-06,2024-12-04,234,7400.0,RECEIVED,5.0
PO001051,2024-12-03,SUP010,SKU017,174,2024-12-10,2024-12-08,174,7400.0,RECEIVED,5.0
PO001052,2024-12-08,SUP010,SKU017,228,2024-12-15,2024-12-13,228,7400.0,RECEIVED,5.0
PO001053,2024-12-16,SUP010,SKU017,216,2024-12-23,2024-12-21,216,7400.0,RECEIVED,5.0
PO001054,2024-12-16,SUP010,SKU017,174,2024-12-23,2024-12-24,174,7400.0,RECEIVED,8.0
PO001055,2024-12-21,SUP010,SKU017,246,2024-12-28,2024-12-27,246,7400.0,RECEIVED,6.0
PO001056,2024-12-28,SUP010,SKU017,234,2025-01-04,2025-01-01,234,7400.0,RECEIVED,4.0
PO001057,2024-12-30,SUP010,SKU017,174,2025-01-06,2025-01-03,174,7400.0,RECEIVED,4.0
PO001058,2025-01-06,SUP010,SKU017,252,2025-01-13,2025-01-22,252,7400.0,RECEIVED,16.0
PO001059,2025-01-11,SUP010,SKU017,174,2025-01-18,2025-01-19,114,7400.0,PARTIAL,8.0
PO001060,2025-01-23,SUP010,SKU017,240,2025-01-30,2025-01-29,240,7400.0,RECEIVED,6.0
PO001061,2025-02-04,SUP010,SKU017,222,2025-02-11,2025-02-12,222,7400.0,RECEIVED,8.0
PO001062,2025-02-16,SUP010,SKU017,192,2025-02-23,2025-02-23,192,7400.0,RECEIVED,7.0
PO001063,2025-02-25,SUP010,SKU017,210,2025-03-04,2025-03-12,210,7400.0,RECEIVED,15.0
PO001064,2025-03-14,SUP010,SKU017,210,2025-03-21,2025-03-20,210,7400.0,RECEIVED,6.0
PO001065,2025-03-22,SUP010,SKU017,192,2025-03-29,2025-03-28,192,7400.0,RECEIVED,6.0
PO001066,2025-03-31,SUP010,SKU017,198,2025-04-07,2025-04-07,198,7400.0,RECEIVED,7.0
PO001067,2025-04-10,SUP010,SKU017,192,2025-04-17,2025-04-24,192,7400.0,RECEIVED,14.0
PO001068,2025-04-25,SUP010,SKU017,174,2025-05-02,2025-05-01,174,7400.0,RECEIVED,6.0
PO001069,2025-05-08,SUP010,SKU017,174,2025-05-15,2025-05-12,174,7400.0,RECEIVED,4.0
PO001070,2025-05-21,SUP010,SKU017,174,2025-05-28,2025-05-27,174,7400.0,RECEIVED,6.0
PO001071,2025-06-04,SUP010,SKU017,174,2025-06-11,2025-06-08,174,7400.0,RECEIVED,4.0
PO001072,2025-06-16,SUP010,SKU017,174,2025-06-23,2025-06-24,174,7400.0,RECEIVED,8.0
PO001073,2025-06-28,SUP010,SKU017,174,2025-07-05,2025-07-06,174,7400.0,RECEIVED,8.0
PO001074,2025-07-10,SUP010,SKU017,174,2025-07-17,2025-07-15,174,7400.0,RECEIVED,5.0
PO001075,2025-07-19,SUP010,SKU017,174,2025-07-26,2025-07-24,174,7400.0,RECEIVED,5.0
PO001076,2025-07-29,SUP010,SKU017,174,2025-08-05,2025-08-05,174,7400.0,RECEIVED,7.0
PO001077,2025-08-10,SUP010,SKU017,174,2025-08-17,2025-08-15,174,7400.0,RECEIVED,5.0
PO001078,2025-08-18,SUP010,SKU017,174,2025-08-25,2025-08-23,174,7400.0,RECEIVED,5.0
PO001079,2025-08-26,SUP010,SKU017,216,2025-09-02,2025-09-03,216,7400.0,RECEIVED,8.0
PO001080,2025-09-05,SUP010,SKU017,174,2025-09-12,2025-09-09,174,7400.0,RECEIVED,4.0
PO001081,2025-09-13,SUP010,SKU017,186,2025-09-20,2025-09-21,186,7400.0,RECEIVED,8.0
PO001082,2025-09-22,SUP010,SKU017,204,2025-09-29,2025-09-30,204,7400.0,RECEIVED,8.0
PO001083,2023-10-05,SUP009,SKU018,240,2023-10-21,2023-10-24,240,20200.0,RECEIVED,19.0
PO001084,2023-10-11,SUP009,SKU018,192,2023-10-27,2023-10-29,192,20200.0,RECEIVED,18.0
PO001085,2023-10-24,SUP009,SKU018,240,2023-11-09,2023-11-06,240,20200.0,RECEIVED,13.0
PO001086,2023-11-03,SUP009,SKU018,192,2023-11-19,2023-11-18,192,20200.0,RECEIVED,15.0
PO001087,2023-11-15,SUP009,SKU018,240,2023-12-01,2023-11-28,240,20200.0,RECEIVED,13.0
PO001088,2023-12-03,SUP009,SKU018,192,2023-12-19,2023-12-23,192,20200.0,RECEIVED,20.0
PO001089,2023-12-06,SUP009,SKU018,240,2023-12-22,2023-12-19,240,20200.0,RECEIVED,13.0
PO001090,2023-12-23,SUP009,SKU018,240,2024-01-08,2024-01-15,196,20200.0,PARTIAL,23.0
PO001091,2023-12-26,SUP009,SKU018,192,2024-01-11,2024-01-13,192,20200.0,RECEIVED,18.0
PO001092,2024-01-06,SUP009,SKU018,240,2024-01-22,2024-01-19,240,20200.0,RECEIVED,13.0
PO001093,2024-01-19,SUP009,SKU018,192,2024-02-04,,0,20200.0,CANCELLED,
PO001094,2024-01-20,SUP009,SKU018,192,2024-02-05,2024-02-15,192,20200.0,RECEIVED,26.0
PO001095,2024-02-06,SUP009,SKU018,240,2024-02-22,2024-02-19,240,20200.0,RECEIVED,13.0
PO001096,2024-02-21,SUP009,SKU018,192,2024-03-08,2024-03-06,192,20200.0,RECEIVED,14.0
PO001097,2024-02-27,SUP009,SKU018,240,2024-03-14,2024-03-16,240,20200.0,RECEIVED,18.0
PO001098,2024-03-16,SUP009,SKU018,192,2024-04-01,2024-03-31,192,20200.0,RECEIVED,15.0
PO001099,2024-03-19,SUP009,SKU018,288,2024-04-04,2024-04-05,288,20200.0,RECEIVED,17.0
PO001100,2024-04-02,SUP009,SKU018,192,2024-04-18,2024-04-19,192,20200.0,RECEIVED,17.0
PO001101,2024-04-06,SUP009,SKU018,288,2024-04-22,2024-04-22,288,20200.0,RECEIVED,16.0
PO001102,2024-04-22,SUP009,SKU018,192,2024-05-08,2024-05-11,192,20200.0,RECEIVED,19.0
PO001103,2024-04-27,SUP009,SKU018,288,2024-05-13,2024-05-12,192,20200.0,PARTIAL,15.0
PO001104,2024-05-14,SUP009,SKU018,192,2024-05-30,2024-06-06,192,20200.0,RECEIVED,23.0
PO001105,2024-05-17,SUP009,SKU018,288,2024-06-02,2024-05-30,288,20200.0,RECEIVED,13.0
PO001106,2024-06-08,SUP009,SKU018,288,2024-06-24,2024-06-21,288,20200.0,RECEIVED,13.0
PO001107,2024-06-08,SUP009,SKU018,192,2024-06-24,2024-06-22,192,20200.0,RECEIVED,14.0
PO001108,2024-07-01,SUP009,SKU018,192,2024-07-17,2024-07-31,192,20200.0,RECEIVED,30.0
PO001109,2024-07-04,SUP009,SKU018,288,2024-07-20,2024-07-27,288,20200.0,RECEIVED,23.0
PO001110,2024-08-04,SUP009,SKU018,192,2024-08-20,2024-08-22,192,20200.0,RECEIVED,18.0
PO001111,2024-08-08,SUP009,SKU018,288,2024-08-24,2024-08-24,288,20200.0,RECEIVED,16.0
PO001112,2024-08-23,SUP009,SKU018,192,2024-09-08,,0,20200.0,CANCELLED,
PO001113,2024-08-24,SUP009,SKU018,192,2024-09-09,2024-09-11,192,20200.0,RECEIVED,18.0
PO001114,2024-09-04,SUP009,SKU018,288,2024-09-20,2024-09-21,288,20200.0,RECEIVED,17.0
PO001115,2024-09-12,SUP009,SKU018,192,2024-09-28,2024-10-01,192,20200.0,RECEIVED,19.0
PO001116,2024-09-29,SUP009,SKU018,288,2024-10-15,2024-10-21,288,20200.0,RECEIVED,22.0
PO001117,2024-10-01,SUP009,SKU018,192,2024-10-17,2024-10-23,108,20200.0,PARTIAL,22.0
PO001118,2024-10-25,SUP009,SKU018,192,2024-11-10,2024-11-14,192,20200.0,RECEIVED,20.0
PO001119,2024-10-31,SUP009,SKU018,288,2024-11-16,2024-11-13,288,20200.0,RECEIVED,13.0
PO001120,2024-11-29,SUP009,SKU018,240,2024-12-15,2024-12-18,240,20200.0,RECEIVED,19.0
PO001121,2024-12-06,SUP009,SKU018,192,2024-12-22,2024-12-19,192,20200.0,RECEIVED,13.0
PO001122,2024-12-29,SUP009,SKU018,240,2025-01-14,2025-01-12,240,20200.0,RECEIVED,14.0
PO001123,2025-01-08,SUP009,SKU018,192,2025-01-24,2025-01-25,192,20200.0,RECEIVED,17.0
PO001124,2025-01-28,SUP009,SKU018,192,2025-02-13,2025-02-18,192,20200.0,RECEIVED,21.0
PO001125,2025-02-18,SUP009,SKU018,192,2025-03-06,2025-03-08,192,20200.0,RECEIVED,18.0
PO001126,2025-02-28,SUP009,SKU018,192,2025-03-16,2025-03-15,192,20200.0,RECEIVED,15.0
PO001127,2025-03-20,SUP009,SKU018,240,2025-04-05,2025-04-03,240,20200.0,RECEIVED,14.0
PO001128,2025-03-20,SUP009,SKU018,192,2025-04-05,2025-04-02,192,20200.0,RECEIVED,13.0
PO001129,2025-04-10,SUP009,SKU018,288,2025-04-26,2025-04-23,288,20200.0,RECEIVED,13.0
PO001130,2025-04-14,SUP009,SKU018,192,2025-04-30,2025-05-01,192,20200.0,RECEIVED,
PO001131,2025-05-03,SUP009,SKU018,288,2025-05-19,2025-05-19,288,20200.0,RECEIVED,16.0
PO001132,2025-05-10,SUP009,SKU018,192,2025-05-26,2025-05-30,192,20200.0,RECEIVED,20.0
PO001133,2025-05-28,SUP009,SKU018,288,2025-06-13,2025-06-14,288,20200.0,RECEIVED,17.0
PO001134,2025-06-10,SUP009,SKU018,192,2025-06-26,2025-06-24,192,20200.0,RECEIVED,14.0
PO001135,2025-06-23,SUP009,SKU018,288,2025-07-09,2025-07-15,288,20200.0,RECEIVED,22.0
PO001136,2025-07-03,SUP009,SKU018,192,2025-07-19,2025-07-16,192,20200.0,RECEIVED,13.0
PO001137,2025-07-23,SUP009,SKU018,336,2025-08-08,2025-08-05,336,20200.0,RECEIVED,13.0
PO001138,2025-07-24,SUP009,SKU018,192,2025-08-09,2025-08-19,192,20200.0,RECEIVED,26.0
PO001139,2025-08-16,SUP009,SKU018,288,2025-09-01,2025-08-29,288,20200.0,RECEIVED,13.0
PO001140,2025-08-30,SUP009,SKU018,192,2025-09-15,2025-09-18,192,20200.0,RECEIVED,19.0
PO001141,2025-09-08,SUP009,SKU018,288,2025-09-24,2025-09-27,201,20200.0,PARTIAL,19.0
PO001142,2023-10-15,SUP004,SKU019,648,2023-10-18,2023-10-17,648,26750.0,RECEIVED,2.0
PO001143,2023-10-19,SUP004,SKU019,648,2023-10-22,2023-10-20,648,26750.0,RECEIVED,1.0
PO001144,2023-11-08,SUP004,SKU019,648,2023-11-11,2023-11-09,648,26750.0,RECEIVED,1.0
PO001145,2023-11-28,SUP004,SKU019,648,2023-12-01,2023-11-30,648,26750.0,RECEIVED,2.0
PO001146,2023-12-04,SUP004,SKU019,648,2023-12-07,2023-12-11,648,26750.0,RECEIVED,7.0
PO001147,2023-12-28,SUP004,SKU019,648,2023-12-31,2024-01-01,648,26750.0,RECEIVED,4.0
PO001148,2024-01-03,SUP004,SKU019,648,2024-01-06,2024-01-06,648,26750.0,RECEIVED,3.0
PO001149,2024-01-22,SUP004,SKU019,648,2024-01-25,2024-01-26,648,26750.0,RECEIVED,4.0
PO001150,2024-02-17,SUP004,SKU019,648,2024-02-20,2024-02-21,648,26750.0,RECEIVED,4.0
PO001151,2024-02-19,SUP004,SKU019,648,2024-02-22,2024-02-21,648,26750.0,RECEIVED,2.0
PO001152,2024-03-13,SUP004,SKU019,648,2024-03-16,2024-03-14,648,26750.0,RECEIVED,1.0
PO001153,2024-03-23,SUP004,SKU019,648,2024-03-26,2024-03-26,648,26750.0,RECEIVED,3.0
PO001154,2024-04-01,SUP004,SKU019,648,2024-04-04,2024-04-06,648,26750.0,RECEIVED,5.0
PO001155,2024-04-24,SUP004,SKU019,648,2024-04-27,2024-04-28,648,26750.0,RECEIVED,4.0
PO001156,2024-04-26,SUP004,SKU019,648,2024-04-29,2024-04-28,648,26750.0,RECEIVED,2.0
PO001157,2024-05-18,SUP004,SKU019,648,2024-05-21,2024-05-21,648,26750.0,RECEIVED,3.0
PO001158,2024-06-05,SUP004,SKU019,648,2024-06-08,2024-06-07,648,26750.0,RECEIVED,2.0
PO001159,2024-06-12,SUP004,SKU019,648,2024-06-15,2024-06-13,648,26750.0,RECEIVED,1.0
PO001160,2024-07-03,SUP004,SKU019,648,2024-07-06,2024-07-05,648,26750.0,RECEIVED,2.0
PO001161,2024-07-11,SUP004,SKU019,648,2024-07-14,2024-07-15,648,26750.0,RECEIVED,4.0
PO001162,2024-07-25,SUP004,SKU019,648,2024-07-28,2024-07-27,648,26750.0,RECEIVED,2.0
PO001163,2024-08-11,SUP004,SKU019,648,2024-08-14,2024-08-13,648,26750.0,RECEIVED,2.0
PO001164,2024-08-12,SUP004,SKU019,648,2024-08-15,2024-08-14,648,26750.0,RECEIVED,2.0
PO001165,2024-09-02,SUP004,SKU019,648,2024-09-05,2024-09-05,648,26750.0,RECEIVED,3.0
PO001166,2024-09-13,SUP004,SKU019,648,2024-09-16,2024-09-16,648,26750.0,RECEIVED,3.0
PO001167,2024-09-22,SUP004,SKU019,648,2024-09-25,2024-09-25,648,26750.0,RECEIVED,3.0
PO001168,2024-10-14,SUP004,SKU019,648,2024-10-17,,0,26750.0,CANCELLED,
PO001169,2024-10-15,SUP004,SKU019,648,2024-10-18,2024-10-18,648,26750.0,RECEIVED,3.0
PO001170,2024-10-23,SUP004,SKU019,648,2024-10-26,2024-10-25,648,26750.0,RECEIVED,2.0
PO001171,2024-11-07,SUP004,SKU019,648,2024-11-10,2024-11-11,648,26750.0,RECEIVED,4.0
PO001172,2024-12-05,SUP004,SKU019,648,2024-12-08,2024-12-08,648,26750.0,RECEIVED,3.0
PO001173,2024-12-06,SUP004,SKU019,648,2024-12-09,2024-12-08,523,26750.0,PARTIAL,2.0
PO001174,2025-01-09,SUP004,SKU019,648,2025-01-12,2025-01-11,648,26750.0,RECEIVED,2.0
PO001175,2025-02-21,SUP004,SKU019,648,2025-02-24,2025-02-26,648,26750.0,RECEIVED,5.0
PO001176,2025-03-25,SUP004,SKU019,648,2025-03-28,2025-03-29,648,26750.0,RECEIVED,4.0
PO001177,2025-04-07,SUP004,SKU019,648,2025-04-10,2025-04-10,648,26750.0,RECEIVED,3.0
PO001178,2025-04-26,SUP004,SKU019,648,2025-04-29,2025-04-28,648,26750.0,RECEIVED,2.0
PO001179,2025-05-01,SUP004,SKU019,648,2025-05-04,2025-05-03,648,26750.0,RECEIVED,2.0
PO001180,2025-05-25,SUP004,SKU019,648,2025-05-28,2025-05-27,517,26750.0,PARTIAL,2.0
PO001181,2025-06-03,SUP004,SKU019,648,2025-06-06,2025-06-05,648,26750.0,RECEIVED,2.0
PO001182,2025-07-05,SUP004,SKU019,648,2025-07-08,2025-07-12,648,26750.0,RECEIVED,7.0
PO001183,2025-08-12,SUP004,SKU019,648,2025-08-15,2025-08-14,648,26750.0,RECEIVED,2.0
PO001184,2025-09-12,SUP004,SKU019,648,2025-09-15,2025-09-23,648,26750.0,RECEIVED,11.0
PO001185,2023-10-01,SUP011,SKU020,432,2023-11-07,2023-11-15,432,55850.0,RECEIVED,45.0
PO001186,2023-10-02,SUP011,SKU020,432,2023-11-08,2023-11-05,432,55850.0,RECEIVED,34.0
PO001187,2023-11-27,SUP011,SKU020,432,2024-01-03,2024-01-14,432,55850.0,RECEIVED,48.0
PO001188,2023-12-18,SUP011,SKU020,432,2024-01-24,2024-02-02,432,55850.0,RECEIVED,46.0
PO001189,2024-01-25,SUP011,SKU020,432,2024-03-02,2024-03-09,432,55850.0,RECEIVED,44.0
PO001190,2024-03-18,SUP011,SKU020,432,2024-04-24,2024-04-21,432,55850.0,RECEIVED,34.0
PO001191,2024-03-21,SUP011,SKU020,432,2024-04-27,2024-05-09,281,55850.0,PARTIAL,49.0
PO001192,2024-05-30,SUP011,SKU020,432,2024-07-06,2024-07-03,432,55850.0,RECEIVED,34.0
PO001193,2024-07-05,SUP011,SKU020,432,2024-08-11,2024-08-15,432,55850.0,RECEIVED,41.0
PO001194,2024-08-28,SUP011,SKU020,432,2024-10-04,2024-10-16,432,55850.0,RECEIVED,49.0
PO001195,2024-10-12,SUP011,SKU020,432,2024-11-18,2024-11-30,432,55850.0,RECEIVED,49.0
PO001196,2024-11-21,SUP011,SKU020,432,2024-12-28,2024-12-29,432,55850.0,RECEIVED,38.0
PO001197,2025-01-02,SUP011,SKU020,432,2025-02-08,2025-02-05,432,55850.0,RECEIVED,34.0
PO001198,2025-01-23,SUP011,SKU020,432,2025-03-01,2025-03-01,432,55850.0,RECEIVED,37.0
PO001199,2025-03-27,SUP011,SKU020,432,2025-05-03,2025-05-03,432,55850.0,RECEIVED,37.0
PO001200,2025-03-31,SUP011,SKU020,432,2025-05-07,,0,55850.0,CANCELLED,
PO001201,2025-04-01,SUP011,SKU020,432,2025-05-08,2025-05-16,432,55850.0,RECEIVED,45.0
PO001202,2025-06-27,SUP011,SKU020,432,2025-08-03,2025-07-31,432,55850.0,RECEIVED,34.0
PO001203,2025-08-05,SUP011,SKU020,432,2025-09-11,2025-09-15,432,55850.0,RECEIVED,41.0
PO001204,2025-09-18,SUP011,SKU020,432,2025-10-25,2025-11-01,0,55850.0,OPEN,44.0
PO001205,2023-10-04,SUP011,SKU021,360,2023-11-08,2023-11-20,360,47800.0,RECEIVED,47.0
PO001206,2023-10-04,SUP011,SKU021,360,2023-11-08,2023-11-15,360,47800.0,RECEIVED,42.0
PO001207,2023-12-25,SUP011,SKU021,360,2024-01-29,2024-01-30,360,47800.0,RECEIVED,36.0
PO001208,2024-02-01,SUP011,SKU021,360,2024-03-07,2024-03-04,360,47800.0,RECEIVED,32.0
PO001209,2024-02-22,SUP011,SKU021,360,2024-03-28,2024-04-01,360,47800.0,RECEIVED,39.0
PO001210,2024-04-05,SUP011,SKU021,360,2024-05-10,2024-05-13,360,47800.0,RECEIVED,38.0
PO001211,2024-04-05,SUP011,SKU021,360,2024-05-10,2024-05-20,360,47800.0,RECEIVED,45.0
PO001212,2024-05-24,SUP011,SKU021,360,2024-06-28,2024-07-02,360,47800.0,RECEIVED,39.0
PO001213,2024-07-18,SUP011,SKU021,360,2024-08-22,2024-08-19,360,47800.0,RECEIVED,32.0
PO001214,2024-08-22,SUP011,SKU021,360,2024-09-26,2024-09-30,360,47800.0,RECEIVED,39.0
PO001215,2024-12-10,SUP011,SKU021,360,2025-01-14,2025-01-29,360,47800.0,RECEIVED,50.0
PO001216,2024-12-21,SUP011,SKU021,360,2025-01-25,2025-01-29,360,47800.0,RECEIVED,39.0
PO001217,2025-02-15,SUP011,SKU021,360,2025-03-22,2025-03-27,360,47800.0,RECEIVED,40.0
PO001218,2025-03-14,SUP011,SKU021,360,2025-04-18,2025-04-24,360,47800.0,RECEIVED,41.0
PO001219,2025-03-31,SUP011,SKU021,360,2025-05-05,2025-05-02,360,47800.0,RECEIVED,32.0
PO001220,2025-06-07,SUP011,SKU021,360,2025-07-12,2025-07-14,360,47800.0,RECEIVED,37.0
PO001221,2025-06-20,SUP011,SKU021,360,2025-07-25,,0,47800.0,CANCELLED,
PO001222,2025-06-21,SUP011,SKU021,360,2025-07-26,2025-07-27,360,47800.0,RECEIVED,36.0
PO001223,2025-08-21,SUP011,SKU021,360,2025-09-25,2025-09-27,360,47800.0,RECEIVED,37.0
PO001224,2023-10-14,SUP008,SKU022,264,2023-10-20,2023-10-17,264,13800.0,RECEIVED,3.0
PO001225,2023-10-16,SUP008,SKU022,264,2023-10-22,2023-10-22,264,13800.0,RECEIVED,6.0
PO001226,2023-12-27,SUP008,SKU022,264,2024-01-02,2024-01-01,171,13800.0,PARTIAL,5.0
PO001227,2024-02-11,SUP008,SKU022,264,2024-02-17,2024-02-17,264,13800.0,RECEIVED,6.0
PO001228,2024-05-27,SUP008,SKU022,264,2024-06-02,2024-06-01,264,13800.0,RECEIVED,5.0
PO001229,2024-11-20,SUP008,SKU022,264,2024-11-26,2024-11-26,264,13800.0,RECEIVED,6.0
PO001230,2025-03-17,SUP008,SKU022,264,2025-03-23,2025-03-23,264,13800.0,RECEIVED,6.0
PO001231,2025-07-19,SUP008,SKU022,264,2025-07-25,2025-07-25,264,13800.0,RECEIVED,6.0
PO001232,2023-10-14,SUP004,SKU023,960,2023-10-18,2023-10-18,960,18600.0,RECEIVED,4.0
PO001233,2023-10-14,SUP004,SKU023,960,2023-10-18,2023-10-19,960,18600.0,RECEIVED,5.0
PO001234,2023-10-24,SUP004,SKU023,960,2023-10-28,2023-10-27,960,18600.0,RECEIVED,3.0
PO001235,2023-10-31,SUP004,SKU023,960,2023-11-04,2023-11-03,960,18600.0,RECEIVED,3.0
PO001236,2023-11-04,SUP004,SKU023,960,2023-11-08,2023-11-16,960,18600.0,RECEIVED,12.0
PO001237,2023-11-17,SUP004,SKU023,960,2023-11-21,2023-11-20,960,18600.0,RECEIVED,3.0
PO001238,2023-11-21,SUP004,SKU023,960,2023-11-25,2023-11-25,960,18600.0,RECEIVED,4.0
PO001239,2023-12-01,SUP004,SKU023,960,2023-12-05,2023-12-04,960,18600.0,RECEIVED,3.0
PO001240,2023-12-04,SUP004,SKU023,960,2023-12-08,2023-12-12,960,18600.0,RECEIVED,8.0
PO001241,2023-12-10,SUP004,SKU023,960,2023-12-14,2023-12-14,960,18600.0,RECEIVED,4.0
PO001242,2023-12-19,SUP004,SKU023,960,2023-12-23,2023-12-23,960,18600.0,RECEIVED,4.0
PO001243,2023-12-21,SUP004,SKU023,960,2023-12-25,2023-12-23,960,18600.0,RECEIVED,2.0
PO001244,2023-12-27,SUP004,SKU023,960,2023-12-31,2023-12-28,960,18600.0,RECEIVED,1.0
PO001245,2024-01-03,SUP004,SKU023,960,2024-01-07,2024-01-06,960,18600.0,RECEIVED,3.0
PO001246,2024-01-05,SUP004,SKU023,960,2024-01-09,2024-01-07,960,18600.0,RECEIVED,2.0
PO001247,2024-01-16,SUP004,SKU023,960,2024-01-20,2024-01-21,960,18600.0,RECEIVED,5.0
PO001248,2024-01-22,SUP004,SKU023,960,2024-01-26,2024-01-26,960,18600.0,RECEIVED,4.0
PO001249,2024-01-27,SUP004,SKU023,960,2024-01-31,2024-01-30,960,18600.0,RECEIVED,3.0
PO001250,2024-02-09,SUP004,SKU023,960,2024-02-13,2024-02-14,960,18600.0,RECEIVED,5.0
PO001251,2024-02-09,SUP004,SKU023,960,2024-02-13,2024-02-13,960,18600.0,RECEIVED,4.0
PO001252,2024-02-20,SUP004,SKU023,960,2024-02-24,2024-02-23,960,18600.0,RECEIVED,3.0
PO001253,2024-02-29,SUP004,SKU023,960,2024-03-04,2024-03-04,960,18600.0,RECEIVED,4.0
PO001254,2024-03-04,SUP004,SKU023,960,2024-03-08,2024-03-07,960,18600.0,RECEIVED,3.0
PO001255,2024-03-13,SUP004,SKU023,960,2024-03-17,2024-03-16,960,18600.0,RECEIVED,3.0
PO001256,2024-03-16,SUP004,SKU023,960,2024-03-20,2024-03-19,960,18600.0,RECEIVED,3.0
PO001257,2024-03-22,SUP004,SKU023,960,2024-03-26,2024-03-25,960,18600.0,RECEIVED,3.0
PO001258,2024-03-30,SUP004,SKU023,960,2024-04-03,2024-04-03,960,18600.0,RECEIVED,4.0
PO001259,2024-04-01,SUP004,SKU023,960,2024-04-05,2024-04-03,960,18600.0,RECEIVED,2.0
PO001260,2024-04-10,SUP004,SKU023,960,2024-04-14,2024-04-13,960,18600.0,RECEIVED,3.0
PO001261,2024-04-16,SUP004,SKU023,960,2024-04-20,2024-04-20,960,18600.0,RECEIVED,4.0
PO001262,2024-04-22,SUP004,SKU023,960,2024-04-26,2024-04-27,960,18600.0,RECEIVED,5.0
PO001263,2024-05-06,SUP004,SKU023,960,2024-05-10,2024-05-08,960,18600.0,RECEIVED,2.0
PO001264,2024-05-08,SUP004,SKU023,960,2024-05-12,2024-05-12,960,18600.0,RECEIVED,4.0
PO001265,2024-05-20,SUP004,SKU023,960,2024-05-24,2024-05-23,960,18600.0,RECEIVED,3.0
PO001266,2024-05-30,SUP004,SKU023,960,2024-06-03,2024-06-08,960,18600.0,RECEIVED,9.0
PO001267,2024-06-01,SUP004,SKU023,960,2024-06-05,2024-06-06,960,18600.0,RECEIVED,5.0
PO001268,2024-06-14,SUP004,SKU023,960,2024-06-18,2024-06-27,960,18600.0,RECEIVED,13.0
PO001269,2024-06-24,SUP004,SKU023,960,2024-06-28,2024-06-27,960,18600.0,RECEIVED,3.0
PO001270,2024-07-04,SUP004,SKU023,960,2024-07-08,2024-07-08,960,18600.0,RECEIVED,4.0
PO001271,2024-07-13,SUP004,SKU023,960,2024-07-17,2024-07-21,960,18600.0,RECEIVED,8.0
PO001272,2024-07-16,SUP004,SKU023,960,2024-07-20,2024-07-19,960,18600.0,RECEIVED,3.0
PO001273,2024-07-27,SUP004,SKU023,960,2024-07-31,2024-07-31,960,18600.0,RECEIVED,4.0
PO001274,2024-08-05,SUP004,SKU023,960,2024-08-09,2024-08-11,960,18600.0,RECEIVED,6.0
PO001275,2024-08-08,SUP004,SKU023,960,2024-08-12,2024-08-11,960,18600.0,RECEIVED,3.0
PO001276,2024-08-19,SUP004,SKU023,960,2024-08-23,2024-08-25,960,18600.0,RECEIVED,6.0
PO001277,2024-08-25,SUP004,SKU023,960,2024-08-29,2024-08-26,960,18600.0,RECEIVED,1.0
PO001278,2024-08-31,SUP004,SKU023,960,2024-09-04,2024-09-04,960,18600.0,RECEIVED,4.0
PO001279,2024-09-11,SUP004,SKU023,960,2024-09-15,2024-09-15,960,18600.0,RECEIVED,4.0
PO001280,2024-09-11,SUP004,SKU023,960,2024-09-15,2024-09-13,960,18600.0,RECEIVED,2.0
PO001281,2024-09-22,SUP004,SKU023,960,2024-09-26,2024-09-28,960,18600.0,RECEIVED,6.0
PO001282,2024-09-30,SUP004,SKU023,960,2024-10-04,2024-10-04,960,18600.0,RECEIVED,4.0
PO001283,2024-10-04,SUP004,SKU023,960,2024-10-08,2024-10-15,960,18600.0,RECEIVED,11.0
PO001284,2024-10-17,SUP004,SKU023,960,2024-10-21,2024-10-29,960,18600.0,RECEIVED,12.0
PO001285,2024-10-21,SUP004,SKU023,960,2024-10-25,2024-10-26,960,18600.0,RECEIVED,5.0
PO001286,2024-10-31,SUP004,SKU023,960,2024-11-04,,0,18600.0,CANCELLED,
PO001287,2024-11-01,SUP004,SKU023,960,2024-11-05,2024-11-03,960,18600.0,RECEIVED,2.0
PO001288,2024-11-11,SUP004,SKU023,960,2024-11-15,2024-11-15,960,18600.0,RECEIVED,4.0
PO001289,2024-11-12,SUP004,SKU023,960,2024-11-16,2024-11-15,960,18600.0,RECEIVED,3.0
PO001290,2024-11-22,SUP004,SKU023,960,2024-11-26,2024-11-26,960,18600.0,RECEIVED,4.0
PO001291,2024-11-27,SUP004,SKU023,960,2024-12-01,2024-12-02,960,18600.0,RECEIVED,5.0
PO001292,2024-12-01,SUP004,SKU023,960,2024-12-05,2024-12-04,960,18600.0,RECEIVED,3.0
PO001293,2024-12-12,SUP004,SKU023,960,2024-12-16,2024-12-19,960,18600.0,RECEIVED,7.0
PO001294,2024-12-12,SUP004,SKU023,960,2024-12-16,2024-12-17,960,18600.0,RECEIVED,5.0
PO001295,2024-12-22,SUP004,SKU023,960,2024-12-26,2024-12-25,960,18600.0,RECEIVED,3.0
PO001296,2024-12-25,SUP004,SKU023,960,2024-12-29,2024-12-29,960,18600.0,RECEIVED,4.0
PO001297,2024-12-30,SUP004,SKU023,960,2025-01-03,2025-01-03,960,18600.0,RECEIVED,4.0
PO001298,2025-01-08,SUP004,SKU023,960,2025-01-12,2025-01-12,960,18600.0,RECEIVED,4.0
PO001299,2025-01-08,SUP004,SKU023,960,2025-01-12,2025-01-12,960,18600.0,RECEIVED,4.0
PO001300,2025-01-20,SUP004,SKU023,960,2025-01-24,2025-01-29,960,18600.0,RECEIVED,9.0
PO001301,2025-01-27,SUP004,SKU023,960,2025-01-31,2025-02-01,960,18600.0,RECEIVED,5.0
PO001302,2025-02-03,SUP004,SKU023,960,2025-02-07,2025-02-07,960,18600.0,RECEIVED,4.0
PO001303,2025-02-15,SUP004,SKU023,960,2025-02-19,2025-02-19,960,18600.0,RECEIVED,4.0
PO001304,2025-02-17,SUP004,SKU023,960,2025-02-21,2025-02-21,960,18600.0,RECEIVED,4.0
PO001305,2025-02-26,SUP004,SKU023,960,2025-03-02,2025-03-06,960,18600.0,RECEIVED,8.0
PO001306,2025-03-05,SUP004,SKU023,960,2025-03-09,2025-03-06,960,18600.0,RECEIVED,1.0
PO001307,2025-03-11,SUP004,SKU023,960,2025-03-15,2025-03-14,960,18600.0,RECEIVED,3.0
PO001308,2025-03-20,SUP004,SKU023,960,2025-03-24,2025-03-25,960,18600.0,RECEIVED,5.0
PO001309,2025-03-20,SUP004,SKU023,960,2025-03-24,2025-03-23,960,18600.0,RECEIVED,3.0
PO001310,2025-03-29,SUP004,SKU023,960,2025-04-02,2025-04-03,960,18600.0,RECEIVED,5.0
PO001311,2025-04-05,SUP004,SKU023,960,2025-04-09,2025-04-09,960,18600.0,RECEIVED,4.0
PO001312,2025-04-09,SUP004,SKU023,960,2025-04-13,2025-04-13,960,18600.0,RECEIVED,4.0
PO001313,2025-04-23,SUP004,SKU023,960,2025-04-27,2025-04-27,960,18600.0,RECEIVED,4.0
PO001314,2025-04-26,SUP004,SKU023,960,2025-04-30,2025-05-08,960,18600.0,RECEIVED,12.0
PO001315,2025-05-05,SUP004,SKU023,960,2025-05-09,2025-05-19,960,18600.0,RECEIVED,14.0
PO001316,2025-05-23,SUP004,SKU023,960,2025-05-27,2025-05-26,960,18600.0,RECEIVED,3.0
PO001317,2025-05-27,SUP004,SKU023,960,2025-05-31,2025-05-31,960,18600.0,RECEIVED,4.0
PO001318,2025-06-07,SUP004,SKU023,960,2025-06-11,2025-06-10,960,18600.0,RECEIVED,3.0
PO001319,2025-06-13,SUP004,SKU023,960,2025-06-17,2025-06-17,960,18600.0,RECEIVED,4.0
PO001320,2025-06-19,SUP004,SKU023,960,2025-06-23,2025-06-23,960,18600.0,RECEIVED,4.0
PO001321,2025-07-02,SUP004,SKU023,960,2025-07-06,,0,18600.0,CANCELLED,
PO001322,2025-07-03,SUP004,SKU023,960,2025-07-07,2025-07-06,960,18600.0,RECEIVED,3.0
PO001323,2025-07-03,SUP004,SKU023,960,2025-07-07,2025-07-06,960,18600.0,RECEIVED,3.0
PO001324,2025-07-12,SUP004,SKU023,960,2025-07-16,2025-07-17,960,18600.0,RECEIVED,5.0
PO001325,2025-07-22,SUP004,SKU023,960,2025-07-26,2025-07-26,960,18600.0,RECEIVED,4.0
PO001326,2025-07-24,SUP004,SKU023,960,2025-07-28,2025-07-28,960,18600.0,RECEIVED,4.0
PO001327,2025-08-05,SUP004,SKU023,960,2025-08-09,2025-08-13,960,18600.0,RECEIVED,8.0
PO001328,2025-08-11,SUP004,SKU023,960,2025-08-15,2025-08-15,960,18600.0,RECEIVED,4.0
PO001329,2025-08-18,SUP004,SKU023,960,2025-08-22,2025-08-20,960,18600.0,RECEIVED,2.0
PO001330,2025-08-28,SUP004,SKU023,960,2025-09-01,2025-09-08,960,18600.0,RECEIVED,11.0
PO001331,2025-08-29,SUP004,SKU023,960,2025-09-02,2025-09-02,960,18600.0,RECEIVED,4.0
PO001332,2025-09-09,SUP004,SKU023,960,2025-09-13,,0,18600.0,CANCELLED,
PO001333,2025-09-10,SUP004,SKU023,960,2025-09-14,2025-09-13,960,18600.0,RECEIVED,3.0
PO001334,2025-09-20,SUP004,SKU023,960,2025-09-24,2025-09-23,960,18600.0,RECEIVED,3.0
PO001335,2025-09-20,SUP004,SKU023,960,2025-09-24,2025-09-25,960,18600.0,RECEIVED,5.0
PO001336,2023-10-12,SUP004,SKU024,744,2023-10-19,,0,38550.0,CANCELLED,
PO001337,2023-10-13,SUP004,SKU024,744,2023-10-20,2023-10-19,744,38550.0,RECEIVED,6.0
PO001338,2023-10-23,SUP004,SKU024,744,2023-10-30,2023-10-28,744,38550.0,RECEIVED,5.0
PO001339,2024-07-26,SUP004,SKU024,744,2024-08-02,2024-08-01,744,38550.0,RECEIVED,6.0
PO001340,2025-01-29,SUP004,SKU024,744,2025-02-05,2025-02-05,744,38550.0,RECEIVED,7.0
PO001341,2025-04-23,SUP004,SKU024,744,2025-04-30,2025-05-01,744,38550.0,RECEIVED,8.0
PO001342,2023-10-01,SUP011,SKU025,744,2023-11-03,2023-11-02,744,43200.0,RECEIVED,32.0
PO001343,2023-10-02,SUP011,SKU025,552,2023-11-04,2023-11-04,552,43200.0,RECEIVED,33.0
PO001344,2023-10-20,SUP011,SKU025,984,2023-11-22,2023-11-20,984,43200.0,RECEIVED,31.0
PO001345,2023-10-25,SUP011,SKU025,600,2023-11-27,2023-12-10,600,43200.0,RECEIVED,46.0
PO001346,2023-11-30,SUP011,SKU025,984,2024-01-02,2024-01-02,984,43200.0,RECEIVED,33.0
PO001347,2023-12-08,SUP011,SKU025,624,2024-01-10,2024-01-24,624,43200.0,RECEIVED,47.0
PO001348,2023-12-29,SUP011,SKU025,1080,2024-01-31,2024-02-08,743,43200.0,PARTIAL,41.0
PO001349,2024-01-05,SUP011,SKU025,696,2024-02-07,2024-02-05,696,43200.0,RECEIVED,31.0
PO001350,2024-02-02,SUP011,SKU025,1152,2024-03-06,2024-03-07,1152,43200.0,RECEIVED,34.0
PO001351,2024-03-01,SUP011,SKU025,696,2024-04-03,2024-04-08,696,43200.0,RECEIVED,38.0
PO001352,2024-03-13,SUP011,SKU025,1248,2024-04-15,2024-04-19,1051,43200.0,PARTIAL,37.0
PO001353,2024-03-23,SUP011,SKU025,792,2024-04-25,2024-04-22,792,43200.0,RECEIVED,30.0
PO001354,2024-04-25,SUP011,SKU025,1392,2024-05-28,2024-05-31,1392,43200.0,RECEIVED,36.0
PO001355,2024-05-11,SUP011,SKU025,816,2024-06-13,2024-06-10,816,43200.0,RECEIVED,30.0
PO001356,2024-06-24,SUP011,SKU025,1200,2024-07-27,2024-07-24,1200,43200.0,RECEIVED,30.0
PO001357,2024-06-28,SUP011,SKU025,744,2024-07-31,2024-08-05,744,43200.0,RECEIVED,38.0
PO001358,2024-08-08,SUP011,SKU025,816,2024-09-10,2024-09-07,816,43200.0,RECEIVED,30.0
PO001359,2024-08-09,SUP011,SKU025,1176,2024-09-11,2024-09-12,1176,43200.0,RECEIVED,34.0
PO001360,2024-09-20,SUP011,SKU025,720,2024-10-23,2024-10-25,720,43200.0,RECEIVED,35.0
PO001361,2024-10-03,SUP011,SKU025,1128,2024-11-05,2024-11-02,1128,43200.0,RECEIVED,30.0
PO001362,2024-11-07,SUP011,SKU025,624,2024-12-10,2024-12-12,624,43200.0,RECEIVED,35.0
PO001363,2024-11-26,SUP011,SKU025,1008,2024-12-29,2024-12-26,545,43200.0,PARTIAL,30.0
PO001364,2024-12-18,SUP011,SKU025,624,2025-01-20,2025-01-18,624,43200.0,RECEIVED,31.0
PO001365,2025-01-08,SUP011,SKU025,1104,2025-02-10,2025-02-22,1104,43200.0,RECEIVED,45.0
PO001366,2025-01-14,SUP011,SKU025,672,2025-02-16,2025-02-15,672,43200.0,RECEIVED,32.0
PO001367,2025-02-16,SUP011,SKU025,744,2025-03-21,2025-03-24,744,43200.0,RECEIVED,36.0
PO001368,2025-03-06,SUP011,SKU025,1368,2025-04-08,2025-04-05,1368,43200.0,RECEIVED,30.0
PO001369,2025-03-06,SUP011,SKU025,864,2025-04-08,2025-04-16,864,43200.0,RECEIVED,41.0
PO001370,2025-04-18,SUP011,SKU025,984,2025-05-21,2025-05-26,984,43200.0,RECEIVED,38.0
PO001371,2025-05-06,SUP011,SKU025,1392,2025-06-08,2025-06-08,1392,43200.0,RECEIVED,33.0
PO001372,2025-06-19,SUP011,SKU025,768,2025-07-22,2025-08-02,768,43200.0,RECEIVED,44.0
PO001373,2025-07-17,SUP011,SKU025,1176,2025-08-19,2025-08-19,1176,43200.0,RECEIVED,33.0
PO001374,2025-08-07,SUP011,SKU025,720,2025-09-09,2025-09-06,720,43200.0,RECEIVED,30.0
PO001375,2025-09-19,SUP011,SKU025,672,2025-10-22,2025-10-19,0,43200.0,OPEN,30.0
PO001376,2025-09-26,SUP011,SKU025,1248,2025-10-29,2025-11-08,0,43200.0,OPEN,43.0
PO001377,2023-10-14,SUP002,SKU026,504,2023-10-23,2023-10-29,332,8300.0,PARTIAL,15.0
PO001378,2023-10-16,SUP002,SKU026,504,2023-10-25,2023-10-29,504,8300.0,RECEIVED,13.0
PO001379,2024-02-24,SUP002,SKU026,504,2024-03-04,2024-03-05,504,8300.0,RECEIVED,10.0
PO001380,2024-06-09,SUP002,SKU026,504,2024-06-18,2024-06-28,504,8300.0,RECEIVED,19.0
PO001381,2024-11-01,SUP002,SKU026,504,2024-11-10,2024-11-12,504,8300.0,RECEIVED,11.0
PO001382,2025-03-04,SUP002,SKU026,504,2025-03-13,2025-03-12,504,8300.0,RECEIVED,8.0
PO001383,2025-07-01,SUP002,SKU026,504,2025-07-10,2025-07-09,504,8300.0,RECEIVED,8.0
PO001384,2023-10-02,SUP007,SKU027,720,2023-11-02,2023-10-30,720,37450.0,RECEIVED,28.0
PO001385,2023-10-02,SUP007,SKU027,426,2023-11-02,2023-10-31,426,37450.0,RECEIVED,29.0
PO001386,2023-10-12,SUP007,SKU027,1416,2023-11-12,2023-11-15,1416,37450.0,RECEIVED,34.0
PO001387,2023-10-12,SUP007,SKU027,840,2023-11-12,2023-11-09,840,37450.0,RECEIVED,28.0
PO001388,2023-12-21,SUP007,SKU027,522,2024-01-21,2024-01-29,522,37450.0,RECEIVED,39.0
PO001389,2023-12-23,SUP007,SKU027,810,2024-01-23,2024-02-03,810,37450.0,RECEIVED,42.0
PO001390,2024-01-18,SUP007,SKU027,900,2024-02-18,2024-02-16,900,37450.0,RECEIVED,29.0
PO001391,2024-01-18,SUP007,SKU027,570,2024-02-18,2024-02-15,570,37450.0,RECEIVED,28.0
PO001392,2024-02-22,SUP007,SKU027,642,2024-03-24,2024-03-21,642,37450.0,RECEIVED,28.0
PO001393,2024-02-24,SUP007,SKU027,1020,2024-03-26,2024-03-31,1020,37450.0,RECEIVED,36.0
PO001394,2024-03-20,SUP007,SKU027,690,2024-04-20,2024-04-18,690,37450.0,RECEIVED,29.0
PO001395,2024-03-23,SUP007,SKU027,1080,2024-04-23,2024-04-20,1080,37450.0,RECEIVED,28.0
PO001396,2024-04-17,SUP007,SKU027,738,2024-05-18,2024-05-15,738,37450.0,RECEIVED,28.0
PO001397,2024-04-25,SUP007,SKU027,1182,2024-05-26,2024-05-30,1182,37450.0,RECEIVED,35.0
PO001398,2024-06-18,SUP007,SKU027,534,2024-07-19,,0,37450.0,CANCELLED,
PO001399,2024-06-19,SUP007,SKU027,534,2024-07-20,2024-07-17,534,37450.0,RECEIVED,28.0
PO001400,2024-06-28,SUP007,SKU027,972,2024-07-29,2024-07-30,972,37450.0,RECEIVED,32.0
PO001401,2024-07-31,SUP007,SKU027,492,2024-08-31,2024-09-03,492,37450.0,RECEIVED,34.0
PO001402,2024-08-20,SUP007,SKU027,702,2024-09-20,,0,37450.0,CANCELLED,
PO001403,2024-08-21,SUP007,SKU027,768,2024-09-21,2024-09-29,768,37450.0,RECEIVED,39.0
PO001404,2024-09-20,SUP007,SKU027,420,2024-10-21,2024-10-18,420,37450.0,RECEIVED,28.0
PO001405,2024-09-30,SUP007,SKU027,672,2024-10-31,2024-11-01,672,37450.0,RECEIVED,32.0
PO001406,2024-10-16,SUP007,SKU027,468,2024-11-16,2024-11-13,468,37450.0,RECEIVED,28.0
PO001407,2024-10-28,SUP007,SKU027,774,2024-11-28,2024-12-04,774,37450.0,RECEIVED,37.0
PO001408,2024-11-12,SUP007,SKU027,528,2024-12-13,2024-12-11,528,37450.0,RECEIVED,29.0
PO001409,2024-11-24,SUP007,SKU027,822,2024-12-25,2024-12-25,822,37450.0,RECEIVED,31.0
PO001410,2024-12-14,SUP007,SKU027,540,2025-01-14,2025-01-21,540,37450.0,RECEIVED,38.0
PO001411,2024-12-25,SUP007,SKU027,918,2025-01-25,2025-01-22,918,37450.0,RECEIVED,28.0
PO001412,2025-01-02,SUP007,SKU027,618,2025-02-02,2025-02-08,618,37450.0,RECEIVED,37.0
PO001413,2025-01-17,SUP007,SKU027,1056,2025-02-17,2025-03-01,1056,37450.0,RECEIVED,43.0
PO001414,2025-02-15,SUP007,SKU027,684,2025-03-18,2025-03-21,684,37450.0,RECEIVED,34.0
PO001415,2025-02-19,SUP007,SKU027,1098,2025-03-22,2025-03-19,1098,37450.0,RECEIVED,28.0
PO001416,2025-03-15,SUP007,SKU027,828,2025-04-15,2025-04-16,828,37450.0,RECEIVED,32.0
PO001417,2025-03-19,SUP007,SKU027,1230,2025-04-19,2025-04-16,1230,37450.0,RECEIVED,28.0
PO001418,2025-04-08,SUP007,SKU027,1398,2025-05-09,2025-05-16,1398,37450.0,RECEIVED,38.0
PO001419,2025-04-13,SUP007,SKU027,840,2025-05-14,2025-05-11,840,37450.0,RECEIVED,28.0
PO001420,2025-06-28,SUP007,SKU027,828,2025-07-29,2025-07-28,828,37450.0,RECEIVED,30.0
PO001421,2025-07-02,SUP007,SKU027,510,2025-08-02,2025-08-06,510,37450.0,RECEIVED,35.0
PO001422,2025-07-31,SUP007,SKU027,876,2025-08-31,2025-09-06,876,37450.0,RECEIVED,37.0
PO001423,2025-07-31,SUP007,SKU027,540,2025-08-31,2025-09-10,540,37450.0,RECEIVED,41.0
PO001424,2025-09-11,SUP007,SKU027,792,2025-10-12,2025-10-20,0,37450.0,OPEN,39.0
PO001425,2025-09-11,SUP007,SKU027,492,2025-10-12,2025-10-18,0,37450.0,OPEN,37.0
PO001426,2023-10-02,SUP005,SKU028,120,2023-10-27,2023-10-29,120,42950.0,RECEIVED,27.0
PO001427,2023-10-03,SUP005,SKU028,168,2023-10-28,2023-10-25,168,42950.0,RECEIVED,22.0
PO001428,2023-10-24,SUP005,SKU028,192,2023-11-18,2023-11-19,192,42950.0,RECEIVED,26.0
PO001429,2023-11-01,SUP005,SKU028,192,2023-11-26,2023-11-23,192,42950.0,RECEIVED,22.0
PO001430,2023-11-11,SUP005,SKU028,216,2023-12-06,2023-12-08,216,42950.0,RECEIVED,27.0
PO001431,2023-12-11,SUP005,SKU028,120,2024-01-05,2024-01-05,120,42950.0,RECEIVED,25.0
PO001432,2023-12-17,SUP005,SKU028,216,2024-01-11,2024-01-16,216,42950.0,RECEIVED,30.0
PO001433,2024-01-03,SUP005,SKU028,144,2024-01-28,2024-02-07,144,42950.0,RECEIVED,35.0
PO001434,2024-01-16,SUP005,SKU028,216,2024-02-10,2024-02-19,115,42950.0,PARTIAL,34.0
PO001435,2024-02-09,SUP005,SKU028,144,2024-03-05,2024-03-02,144,42950.0,RECEIVED,22.0
PO001436,2024-02-13,SUP005,SKU028,240,2024-03-09,2024-03-08,240,42950.0,RECEIVED,24.0
PO001437,2024-03-13,SUP005,SKU028,144,2024-04-07,2024-04-14,144,42950.0,RECEIVED,32.0
PO001438,2024-03-20,SUP005,SKU028,240,2024-04-14,2024-04-11,240,42950.0,RECEIVED,22.0
PO001439,2024-04-01,SUP005,SKU028,168,2024-04-26,2024-04-23,168,42950.0,RECEIVED,22.0
PO001440,2024-04-25,SUP005,SKU028,264,2024-05-20,2024-05-21,264,42950.0,RECEIVED,26.0
PO001441,2024-05-27,SUP005,SKU028,144,2024-06-21,2024-06-30,144,42950.0,RECEIVED,34.0
PO001442,2024-06-20,SUP005,SKU028,192,2024-07-15,2024-07-15,192,42950.0,RECEIVED,25.0
PO001443,2024-07-10,SUP005,SKU028,120,2024-08-04,2024-08-09,120,42950.0,RECEIVED,30.0
PO001444,2024-08-03,SUP005,SKU028,192,2024-08-28,2024-08-26,192,42950.0,RECEIVED,23.0
PO001445,2024-08-14,SUP005,SKU028,120,2024-09-08,2024-09-05,120,42950.0,RECEIVED,22.0
PO001446,2024-09-16,SUP005,SKU028,168,2024-10-11,2024-10-13,168,42950.0,RECEIVED,27.0
PO001447,2024-09-17,SUP005,SKU028,120,2024-10-12,2024-10-09,120,42950.0,RECEIVED,22.0
PO001448,2024-10-18,SUP005,SKU028,120,2024-11-12,2024-11-12,120,42950.0,RECEIVED,25.0
PO001449,2024-10-24,SUP005,SKU028,192,2024-11-18,2024-11-18,192,42950.0,RECEIVED,25.0
PO001450,2024-11-14,SUP005,SKU028,120,2024-12-09,2024-12-11,120,42950.0,RECEIVED,27.0
PO001451,2024-11-28,SUP005,SKU028,216,2024-12-23,2024-12-26,216,42950.0,RECEIVED,28.0
PO001452,2024-12-06,SUP005,SKU028,144,2024-12-31,2025-01-04,144,42950.0,RECEIVED,29.0
PO001453,2025-01-04,SUP005,SKU028,240,2025-01-29,2025-01-26,240,42950.0,RECEIVED,22.0
PO001454,2025-01-04,SUP005,SKU028,144,2025-01-29,2025-01-30,144,42950.0,RECEIVED,26.0
PO001455,2025-02-07,SUP005,SKU028,144,2025-03-04,2025-03-09,144,42950.0,RECEIVED,30.0
PO001456,2025-02-13,SUP005,SKU028,240,2025-03-10,2025-03-10,240,42950.0,RECEIVED,25.0
PO001457,2025-03-06,SUP005,SKU028,144,2025-03-31,2025-04-05,144,42950.0,RECEIVED,30.0
PO001458,2025-03-19,SUP005,SKU028,264,2025-04-13,2025-04-14,264,42950.0,RECEIVED,26.0
PO001459,2025-03-29,SUP005,SKU028,168,2025-04-23,2025-04-24,168,42950.0,RECEIVED,26.0
PO001460,2025-04-26,SUP005,SKU028,288,2025-05-21,2025-05-25,288,42950.0,RECEIVED,29.0
PO001461,2025-05-09,SUP005,SKU028,168,2025-06-03,2025-06-05,168,42950.0,RECEIVED,27.0
PO001462,2025-06-27,SUP005,SKU028,192,2025-07-22,2025-07-19,192,42950.0,RECEIVED,22.0
PO001463,2025-07-01,SUP005,SKU028,120,2025-07-26,2025-08-01,120,42950.0,RECEIVED,31.0
PO001464,2025-08-06,SUP005,SKU028,120,2025-08-31,2025-09-05,120,42950.0,RECEIVED,30.0
PO001465,2025-08-09,SUP005,SKU028,192,2025-09-03,2025-08-31,192,42950.0,RECEIVED,22.0
PO001466,2025-09-09,SUP005,SKU028,120,2025-10-04,2025-10-04,0,42950.0,OPEN,25.0
PO001467,2025-09-18,SUP005,SKU028,192,2025-10-13,2025-10-16,0,42950.0,PARTIAL,28.0
PO001468,2023-10-11,SUP012,SKU029,144,2023-10-16,2023-10-15,144,30450.0,RECEIVED,4.0
PO001469,2023-10-15,SUP012,SKU029,168,2023-10-20,2023-10-20,168,30450.0,RECEIVED,5.0
PO001470,2023-10-17,SUP012,SKU029,288,2023-10-22,2023-10-21,288,30450.0,RECEIVED,4.0
PO001471,2023-10-17,SUP012,SKU029,216,2023-10-22,2023-10-19,216,30450.0,RECEIVED,2.0
PO001472,2023-10-26,SUP012,SKU029,144,2023-10-31,2023-11-01,144,30450.0,RECEIVED,6.0
PO001473,2023-10-27,SUP012,SKU029,216,2023-11-01,2023-11-02,216,30450.0,RECEIVED,6.0
PO001474,2023-11-03,SUP012,SKU029,144,2023-11-08,2023-11-09,144,30450.0,RECEIVED,6.0
PO001475,2023-11-04,SUP012,SKU029,216,2023-11-09,2023-11-10,216,30450.0,RECEIVED,6.0
PO001476,2023-11-12,SUP012,SKU029,120,2023-11-17,2023-11-19,120,30450.0,RECEIVED,7.0
PO001477,2023-11-13,SUP012,SKU029,216,2023-11-18,2023-11-18,216,30450.0,RECEIVED,5.0
PO001478,2023-11-18,SUP012,SKU029,120,2023-11-23,2023-11-22,120,30450.0,RECEIVED,4.0
PO001479,2023-11-20,SUP012,SKU029,240,2023-11-25,2023-11-25,240,30450.0,RECEIVED,5.0
PO001480,2023-11-24,SUP012,SKU029,120,2023-11-29,2023-11-29,120,30450.0,RECEIVED,5.0
PO001481,2023-11-29,SUP012,SKU029,192,2023-12-04,2023-12-04,192,30450.0,RECEIVED,5.0
PO001482,2023-12-01,SUP012,SKU029,144,2023-12-06,2023-12-06,144,30450.0,RECEIVED,5.0
PO001483,2023-12-05,SUP012,SKU029,216,2023-12-10,2023-12-10,216,30450.0,RECEIVED,5.0
PO001484,2023-12-08,SUP012,SKU029,144,2023-12-13,2023-12-12,144,30450.0,RECEIVED,4.0
PO001485,2023-12-12,SUP012,SKU029,240,2023-12-17,2023-12-16,240,30450.0,RECEIVED,4.0
PO001486,2023-12-14,SUP012,SKU029,144,2023-12-19,2023-12-19,144,30450.0,RECEIVED,5.0
PO001487,2023-12-18,SUP012,SKU029,216,2023-12-23,2023-12-21,216,30450.0,RECEIVED,3.0
PO001488,2023-12-19,SUP012,SKU029,144,2023-12-24,2023-12-23,144,30450.0,RECEIVED,4.0
PO001489,2023-12-22,SUP012,SKU029,264,2023-12-27,2023-12-27,264,30450.0,RECEIVED,5.0
PO001490,2023-12-23,SUP012,SKU029,144,2023-12-28,2023-12-26,144,30450.0,RECEIVED,3.0
PO001491,2023-12-27,SUP012,SKU029,216,2024-01-01,2024-01-03,216,30450.0,RECEIVED,7.0
PO001492,2023-12-29,SUP012,SKU029,168,2024-01-03,2024-01-03,168,30450.0,RECEIVED,5.0
PO001493,2024-01-02,SUP012,SKU029,216,2024-01-07,2024-01-07,216,30450.0,RECEIVED,5.0
PO001494,2024-01-04,SUP012,SKU029,144,2024-01-09,2024-01-08,144,30450.0,RECEIVED,4.0
PO001495,2024-01-09,SUP012,SKU029,240,2024-01-14,2024-01-14,240,30450.0,RECEIVED,5.0
PO001496,2024-01-11,SUP012,SKU029,168,2024-01-16,2024-01-16,168,30450.0,RECEIVED,5.0
PO001497,2024-01-16,SUP012,SKU029,240,2024-01-21,2024-01-21,159,30450.0,PARTIAL,5.0
PO001498,2024-01-19,SUP012,SKU029,168,2024-01-24,2024-01-23,168,30450.0,RECEIVED,4.0
PO001499,2024-01-23,SUP012,SKU029,240,2024-01-28,2024-02-03,240,30450.0,RECEIVED,11.0
PO001500,2024-01-27,SUP012,SKU029,144,2024-02-01,2024-02-01,144,30450.0,RECEIVED,5.0
PO001501,2024-02-03,SUP012,SKU029,144,2024-02-08,2024-02-06,144,30450.0,RECEIVED,3.0
PO001502,2024-02-07,SUP012,SKU029,240,2024-02-12,2024-02-13,240,30450.0,RECEIVED,6.0
PO001503,2024-02-12,SUP012,SKU029,144,2024-02-17,2024-02-18,144,30450.0,RECEIVED,6.0
PO001504,2024-02-15,SUP012,SKU029,216,2024-02-20,2024-02-20,216,30450.0,RECEIVED,5.0
PO001505,2024-02-20,SUP012,SKU029,144,2024-02-25,2024-02-25,144,30450.0,RECEIVED,5.0
PO001506,2024-02-24,SUP012,SKU029,216,2024-02-29,2024-02-28,216,30450.0,RECEIVED,4.0
PO001507,2024-02-29,SUP012,SKU029,120,2024-03-05,2024-03-11,120,30450.0,RECEIVED,11.0
PO001508,2024-03-02,SUP012,SKU029,192,2024-03-07,2024-03-07,192,30450.0,RECEIVED,5.0
PO001509,2024-03-07,SUP012,SKU029,288,2024-03-12,2024-03-12,218,30450.0,PARTIAL,5.0
PO001510,2024-03-07,SUP012,SKU029,144,2024-03-12,2024-03-11,144,30450.0,RECEIVED,4.0
PO001511,2024-03-14,SUP012,SKU029,216,2024-03-19,2024-03-19,216,30450.0,RECEIVED,5.0
PO001512,2024-03-15,SUP012,SKU029,144,2024-03-20,2024-03-20,144,30450.0,RECEIVED,5.0
PO001513,2024-03-20,SUP012,SKU029,144,2024-03-25,2024-03-25,144,30450.0,RECEIVED,5.0
PO001514,2024-03-21,SUP012,SKU029,216,2024-03-26,2024-04-03,216,30450.0,RECEIVED,13.0
PO001515,2024-03-25,SUP012,SKU029,168,2024-03-30,2024-03-29,168,30450.0,RECEIVED,4.0
PO001516,2024-03-30,SUP012,SKU029,168,2024-04-04,2024-04-03,168,30450.0,RECEIVED,4.0
PO001517,2024-04-05,SUP012,SKU029,264,2024-04-10,2024-04-10,196,30450.0,PARTIAL,5.0
PO001518,2024-04-06,SUP012,SKU029,168,2024-04-11,2024-04-09,168,30450.0,RECEIVED,3.0
PO001519,2024-04-13,SUP012,SKU029,240,2024-04-18,2024-04-18,240,30450.0,RECEIVED,5.0
PO001520,2024-04-13,SUP012,SKU029,168,2024-04-18,2024-04-18,168,30450.0,RECEIVED,5.0
PO001521,2024-04-22,SUP012,SKU029,144,2024-04-27,2024-04-26,144,30450.0,RECEIVED,4.0
PO001522,2024-04-25,SUP012,SKU029,264,2024-04-30,2024-04-29,264,30450.0,RECEIVED,4.0
PO001523,2024-05-01,SUP012,SKU029,168,2024-05-06,2024-05-06,168,30450.0,RECEIVED,5.0
PO001524,2024-05-07,SUP012,SKU029,240,2024-05-12,2024-05-13,240,30450.0,RECEIVED,6.0
PO001525,2024-05-12,SUP012,SKU029,144,2024-05-17,2024-05-17,144,30450.0,RECEIVED,5.0
PO001526,2024-05-21,SUP012,SKU029,216,2024-05-26,2024-05-26,216,30450.0,RECEIVED,5.0
PO001527,2024-05-21,SUP012,SKU029,144,2024-05-26,2024-05-27,144,30450.0,RECEIVED,6.0
PO001528,2024-05-28,SUP012,SKU029,144,2024-06-02,2024-06-10,144,30450.0,RECEIVED,13.0
PO001529,2024-06-12,SUP012,SKU029,120,2024-06-17,2024-06-17,120,30450.0,RECEIVED,5.0
PO001530,2024-06-17,SUP012,SKU029,120,2024-06-22,2024-06-21,120,30450.0,RECEIVED,4.0
PO001531,2024-06-24,SUP012,SKU029,120,2024-06-29,2024-06-28,120,30450.0,RECEIVED,4.0
PO001532,2024-07-02,SUP012,SKU029,120,2024-07-07,2024-07-05,120,30450.0,RECEIVED,3.0
PO001533,2024-07-09,SUP012,SKU029,120,2024-07-14,2024-07-13,78,30450.0,PARTIAL,4.0
PO001534,2024-07-16,SUP012,SKU029,120,2024-07-21,2024-07-19,120,30450.0,RECEIVED,3.0
PO001535,2024-07-23,SUP012,SKU029,120,2024-07-28,2024-07-27,120,30450.0,RECEIVED,4.0
PO001536,2024-07-31,SUP012,SKU029,120,2024-08-05,2024-08-06,120,30450.0,RECEIVED,6.0
PO001537,2024-08-08,SUP012,SKU029,120,2024-08-13,2024-08-20,120,30450.0,RECEIVED,12.0
PO001538,2024-08-23,SUP012,SKU029,120,2024-08-28,2024-08-29,120,30450.0,RECEIVED,6.0
PO001539,2024-09-01,SUP012,SKU029,120,2024-09-06,,0,30450.0,CANCELLED,
PO001540,2024-09-02,SUP012,SKU029,120,2024-09-07,2024-09-06,120,30450.0,RECEIVED,4.0
PO001541,2024-09-09,SUP012,SKU029,120,2024-09-14,2024-09-14,120,30450.0,RECEIVED,5.0
PO001542,2024-09-18,SUP012,SKU029,120,2024-09-23,2024-09-25,120,30450.0,RECEIVED,7.0
PO001543,2024-09-28,SUP012,SKU029,120,2024-10-03,2024-10-05,120,30450.0,RECEIVED,7.0
PO001544,2024-10-08,SUP012,SKU029,120,2024-10-13,2024-10-13,120,30450.0,RECEIVED,5.0
PO001545,2024-10-16,SUP012,SKU029,144,2024-10-21,2024-10-20,144,30450.0,RECEIVED,4.0
PO001546,2024-10-24,SUP012,SKU029,120,2024-10-29,2024-10-31,120,30450.0,RECEIVED,7.0
PO001547,2024-11-03,SUP012,SKU029,120,2024-11-08,2024-11-07,120,30450.0,RECEIVED,4.0
PO001548,2024-11-09,SUP012,SKU029,120,2024-11-14,2024-11-15,120,30450.0,RECEIVED,6.0
PO001549,2024-11-18,SUP012,SKU029,120,2024-11-23,2024-11-23,120,30450.0,RECEIVED,5.0
PO001550,2024-11-26,SUP012,SKU029,120,2024-12-01,2024-12-01,120,30450.0,RECEIVED,5.0
PO001551,2024-12-04,SUP012,SKU029,120,2024-12-09,,0,30450.0,CANCELLED,
PO001552,2024-12-05,SUP012,SKU029,144,2024-12-10,2024-12-08,144,30450.0,RECEIVED,3.0
PO001553,2024-12-13,SUP012,SKU029,144,2024-12-18,2024-12-17,144,30450.0,RECEIVED,4.0
PO001554,2024-12-19,SUP012,SKU029,144,2024-12-24,2024-12-24,144,30450.0,RECEIVED,5.0
PO001555,2024-12-26,SUP012,SKU029,144,2024-12-31,2025-01-10,144,30450.0,RECEIVED,15.0
PO001556,2024-12-31,SUP012,SKU029,216,2025-01-05,2025-01-05,216,30450.0,RECEIVED,5.0
PO001557,2025-01-10,SUP012,SKU029,264,2025-01-15,2025-01-15,264,30450.0,RECEIVED,5.0
PO001558,2025-01-11,SUP012,SKU029,168,2025-01-16,2025-01-16,168,30450.0,RECEIVED,5.0
PO001559,2025-01-21,SUP012,SKU029,240,2025-01-26,2025-01-26,240,30450.0,RECEIVED,5.0
PO001560,2025-01-21,SUP012,SKU029,168,2025-01-26,2025-01-26,168,30450.0,RECEIVED,5.0
PO001561,2025-01-28,SUP012,SKU029,144,2025-02-02,2025-02-01,144,30450.0,RECEIVED,4.0
PO001562,2025-01-31,SUP012,SKU029,264,2025-02-05,2025-02-05,264,30450.0,RECEIVED,5.0
PO001563,2025-02-04,SUP012,SKU029,144,2025-02-09,2025-02-08,144,30450.0,RECEIVED,4.0
PO001564,2025-02-10,SUP012,SKU029,240,2025-02-15,2025-02-14,240,30450.0,RECEIVED,4.0
PO001565,2025-02-11,SUP012,SKU029,168,2025-02-16,2025-02-13,168,30450.0,RECEIVED,2.0
PO001566,2025-02-19,SUP012,SKU029,144,2025-02-24,2025-03-03,144,30450.0,RECEIVED,12.0
PO001567,2025-02-20,SUP012,SKU029,240,2025-02-25,,0,30450.0,CANCELLED,
PO001568,2025-02-21,SUP012,SKU029,264,2025-02-26,2025-02-25,264,30450.0,RECEIVED,4.0
PO001569,2025-03-01,SUP012,SKU029,264,2025-03-06,2025-03-05,264,30450.0,RECEIVED,4.0
PO001570,2025-03-03,SUP012,SKU029,144,2025-03-08,2025-03-08,144,30450.0,RECEIVED,5.0
PO001571,2025-03-10,SUP012,SKU029,168,2025-03-15,2025-03-14,168,30450.0,RECEIVED,4.0
PO001572,2025-03-11,SUP012,SKU029,240,2025-03-16,2025-03-16,240,30450.0,RECEIVED,5.0
PO001573,2025-03-16,SUP012,SKU029,144,2025-03-21,2025-03-21,144,30450.0,RECEIVED,5.0
PO001574,2025-03-21,SUP012,SKU029,144,2025-03-26,2025-03-25,144,30450.0,RECEIVED,4.0
PO001575,2025-03-27,SUP012,SKU029,168,2025-04-01,2025-03-30,168,30450.0,RECEIVED,3.0
PO001576,2025-03-30,SUP012,SKU029,264,2025-04-04,2025-04-04,264,30450.0,RECEIVED,5.0
PO001577,2025-04-04,SUP012,SKU029,168,2025-04-09,2025-04-08,168,30450.0,RECEIVED,4.0
PO001578,2025-04-11,SUP012,SKU029,240,2025-04-16,2025-04-13,240,30450.0,RECEIVED,2.0
PO001579,2025-04-13,SUP012,SKU029,144,2025-04-18,2025-04-18,144,30450.0,RECEIVED,5.0
PO001580,2025-04-20,SUP012,SKU029,240,2025-04-25,2025-04-24,240,30450.0,RECEIVED,4.0
PO001581,2025-04-21,SUP012,SKU029,144,2025-04-26,2025-04-26,144,30450.0,RECEIVED,5.0
PO001582,2025-04-30,SUP012,SKU029,144,2025-05-05,2025-05-04,144,30450.0,RECEIVED,4.0
PO001583,2025-05-08,SUP012,SKU029,144,2025-05-13,2025-05-14,144,30450.0,RECEIVED,6.0
PO001584,2025-05-17,SUP012,SKU029,120,2025-05-22,2025-05-21,120,30450.0,RECEIVED,4.0
PO001585,2025-05-20,SUP012,SKU029,192,2025-05-25,2025-06-01,192,30450.0,RECEIVED,12.0
PO001586,2025-05-22,SUP012,SKU029,120,2025-05-27,2025-05-27,120,30450.0,RECEIVED,5.0
PO001587,2025-05-30,SUP012,SKU029,120,2025-06-04,2025-06-03,120,30450.0,RECEIVED,4.0
PO001588,2025-06-07,SUP012,SKU029,120,2025-06-12,2025-06-11,120,30450.0,RECEIVED,4.0
PO001589,2025-06-14,SUP012,SKU029,120,2025-06-19,2025-06-20,120,30450.0,RECEIVED,6.0
PO001590,2025-06-23,SUP012,SKU029,120,2025-06-28,2025-06-27,120,30450.0,RECEIVED,4.0
PO001591,2025-07-01,SUP012,SKU029,120,2025-07-06,2025-07-06,120,30450.0,RECEIVED,5.0
PO001592,2025-07-02,SUP012,SKU029,192,2025-07-07,2025-07-08,192,30450.0,RECEIVED,6.0
PO001593,2025-07-08,SUP012,SKU029,120,2025-07-13,2025-07-14,70,30450.0,PARTIAL,6.0
PO001594,2025-07-17,SUP012,SKU029,168,2025-07-22,2025-07-22,168,30450.0,RECEIVED,5.0
PO001595,2025-07-17,SUP012,SKU029,120,2025-07-22,2025-07-21,120,30450.0,RECEIVED,4.0
PO001596,2025-07-26,SUP012,SKU029,120,2025-07-31,2025-07-31,120,30450.0,RECEIVED,5.0
PO001597,2025-08-05,SUP012,SKU029,120,2025-08-10,2025-08-07,120,30450.0,RECEIVED,2.0
PO001598,2025-08-20,SUP012,SKU029,120,2025-08-25,2025-08-27,120,30450.0,RECEIVED,7.0
PO001599,2025-09-02,SUP012,SKU029,120,2025-09-07,2025-09-07,120,30450.0,RECEIVED,5.0
PO001600,2025-09-13,SUP012,SKU029,120,2025-09-18,2025-09-27,120,30450.0,RECEIVED,14.0
PO001601,2025-09-30,SUP012,SKU029,120,2025-10-05,2025-10-04,0,30450.0,PARTIAL,4.0
PO001602,2023-10-02,SUP006,SKU030,384,2023-10-10,2023-10-15,384,25000.0,RECEIVED,13.0
PO001603,2023-10-06,SUP006,SKU030,384,2023-10-14,2023-10-16,384,25000.0,RECEIVED,10.0
PO001604,2024-02-08,SUP006,SKU030,384,2024-02-16,2024-02-15,384,25000.0,RECEIVED,7.0
PO001605,2024-05-29,SUP006,SKU030,384,2024-06-06,2024-06-04,384,25000.0,RECEIVED,6.0
PO001606,2024-07-15,SUP006,SKU030,384,2024-07-23,2024-07-23,384,25000.0,RECEIVED,8.0
PO001607,2024-11-07,SUP006,SKU030,384,2024-11-15,2024-11-13,384,25000.0,RECEIVED,6.0
PO001608,2024-12-09,SUP006,SKU030,384,2024-12-17,2024-12-16,384,25000.0,RECEIVED,7.0
PO001609,2025-04-08,SUP006,SKU030,384,2025-04-16,,0,25000.0,CANCELLED,
PO001610,2025-04-09,SUP006,SKU030,384,2025-04-17,2025-04-17,384,25000.0,RECEIVED,8.0
PO001611,2025-08-01,SUP006,SKU030,384,2025-08-09,2025-08-09,384,25000.0,RECEIVED,8.0
PO001612,2025-08-18,SUP006,SKU030,384,2025-08-26,2025-08-26,384,25000.0,RECEIVED,8.0
PO001613,2023-10-12,SUP004,SKU031,540,2023-10-18,2023-10-17,540,26000.0,RECEIVED,5.0
PO001614,2023-10-19,SUP004,SKU031,540,2023-10-25,2023-10-26,540,26000.0,RECEIVED,7.0
PO001615,2024-03-17,SUP004,SKU031,540,2024-03-23,2024-03-26,540,26000.0,RECEIVED,9.0
PO001616,2024-06-07,SUP004,SKU031,540,2024-06-13,2024-06-12,540,26000.0,RECEIVED,5.0
PO001617,2024-08-09,SUP004,SKU031,540,2024-08-15,2024-08-13,540,26000.0,RECEIVED,4.0
PO001618,2025-01-01,SUP004,SKU031,540,2025-01-07,2025-01-09,540,26000.0,RECEIVED,8.0
PO001619,2025-01-29,SUP004,SKU031,540,2025-02-04,2025-02-03,540,26000.0,RECEIVED,5.0
PO001620,2025-05-28,SUP004,SKU031,540,2025-06-03,2025-05-31,540,26000.0,RECEIVED,3.0
PO001621,2025-09-24,SUP004,SKU031,540,2025-09-30,2025-10-01,0,26000.0,PARTIAL,7.0
PO001622,2023-10-01,SUP011,SKU032,288,2023-11-06,2023-11-09,288,11500.0,RECEIVED,39.0
PO001623,2023-10-01,SUP011,SKU032,276,2023-11-06,2023-11-03,276,11500.0,RECEIVED,33.0
PO001624,2023-10-24,SUP011,SKU032,324,2023-11-29,2023-12-05,324,11500.0,RECEIVED,42.0
PO001625,2023-11-20,SUP011,SKU032,276,2023-12-26,2023-12-23,276,11500.0,RECEIVED,33.0
PO001626,2023-12-10,SUP011,SKU032,336,2024-01-15,2024-01-12,336,11500.0,RECEIVED,33.0
PO001627,2024-01-12,SUP011,SKU032,276,2024-02-17,2024-02-17,276,11500.0,RECEIVED,36.0
PO001628,2024-02-13,SUP011,SKU032,282,2024-03-20,2024-03-29,282,11500.0,RECEIVED,45.0
PO001629,2024-03-27,SUP011,SKU032,276,2024-05-02,2024-05-06,276,11500.0,RECEIVED,40.0
PO001630,2024-03-28,SUP011,SKU032,276,2024-05-03,2024-05-08,276,11500.0,RECEIVED,41.0
PO001631,2024-05-03,SUP011,SKU032,300,2024-06-08,2024-06-05,300,11500.0,RECEIVED,33.0
PO001632,2024-06-21,SUP011,SKU032,276,2024-07-27,2024-08-07,276,11500.0,RECEIVED,47.0
PO001633,2024-07-04,SUP011,SKU032,276,2024-08-09,2024-08-09,276,11500.0,RECEIVED,36.0
PO001634,2024-08-03,SUP011,SKU032,300,2024-09-08,2024-09-20,300,11500.0,RECEIVED,48.0
PO001635,2024-08-24,SUP011,SKU032,276,2024-09-29,2024-09-30,276,11500.0,RECEIVED,37.0
PO001636,2024-09-18,SUP011,SKU032,312,2024-10-24,2024-10-25,312,11500.0,RECEIVED,37.0
PO001637,2024-11-01,SUP011,SKU032,294,2024-12-07,2024-12-04,294,11500.0,RECEIVED,33.0
PO001638,2024-11-01,SUP011,SKU032,276,2024-12-07,2024-12-19,276,11500.0,RECEIVED,48.0
PO001639,2024-12-10,SUP011,SKU032,306,2025-01-15,2025-01-21,306,11500.0,RECEIVED,42.0
PO001640,2025-01-01,SUP011,SKU032,276,2025-02-06,2025-02-03,276,11500.0,RECEIVED,33.0
PO001641,2025-01-23,SUP011,SKU032,288,2025-02-28,2025-03-01,288,11500.0,RECEIVED,37.0
PO001642,2025-03-25,SUP011,SKU032,276,2025-04-30,2025-05-02,276,11500.0,RECEIVED,38.0
PO001643,2025-04-09,SUP011,SKU032,276,2025-05-15,2025-05-12,276,11500.0,RECEIVED,33.0
PO001644,2025-05-07,SUP011,SKU032,276,2025-06-12,2025-06-13,276,11500.0,RECEIVED,37.0
PO001645,2025-06-20,SUP011,SKU032,276,2025-07-26,2025-08-01,276,11500.0,RECEIVED,42.0
PO001646,2025-06-23,SUP011,SKU032,276,2025-07-29,2025-08-10,276,11500.0,RECEIVED,48.0
PO001647,2025-07-25,SUP011,SKU032,276,2025-08-30,2025-09-01,276,11500.0,RECEIVED,38.0
PO001648,2025-08-18,SUP011,SKU032,276,2025-09-23,2025-09-20,276,11500.0,RECEIVED,33.0
PO001649,2025-09-10,SUP011,SKU032,312,2025-10-16,2025-10-14,0,11500.0,PARTIAL,34.0
PO001650,2023-10-12,SUP012,SKU033,180,2023-10-16,2023-10-17,180,37550.0,RECEIVED,5.0
PO001651,2023-10-13,SUP012,SKU033,132,2023-10-17,2023-10-17,132,37550.0,RECEIVED,4.0
PO001652,2023-10-17,SUP012,SKU033,192,2023-10-21,2023-10-26,192,37550.0,RECEIVED,9.0
PO001653,2023-10-18,SUP012,SKU033,108,2023-10-22,2023-10-21,108,37550.0,RECEIVED,3.0
PO001654,2023-10-24,SUP012,SKU033,120,2023-10-28,2023-10-25,120,37550.0,RECEIVED,1.0
PO001655,2023-10-26,SUP012,SKU033,180,2023-10-30,2023-11-05,180,37550.0,RECEIVED,
PO001656,2023-10-30,SUP012,SKU033,108,2023-11-03,2023-11-05,108,37550.0,RECEIVED,6.0
PO001657,2023-11-05,SUP012,SKU033,168,2023-11-09,2023-11-08,168,37550.0,RECEIVED,3.0
PO001658,2023-11-05,SUP012,SKU033,108,2023-11-09,2023-11-14,108,37550.0,RECEIVED,9.0
PO001659,2023-11-08,SUP012,SKU033,264,2023-11-12,2023-11-12,264,37550.0,RECEIVED,4.0
PO001660,2023-11-08,SUP012,SKU033,132,2023-11-12,2023-11-13,132,37550.0,RECEIVED,5.0
PO001661,2023-11-13,SUP012,SKU033,168,2023-11-17,2023-11-16,168,37550.0,RECEIVED,3.0
PO001662,2023-11-17,SUP012,SKU033,120,2023-11-21,2023-11-22,120,37550.0,RECEIVED,5.0
PO001663,2023-11-18,SUP012,SKU033,348,2023-11-22,2023-11-22,348,37550.0,RECEIVED,4.0
PO001664,2023-11-20,SUP012,SKU033,120,2023-11-24,2023-11-23,120,37550.0,RECEIVED,3.0
PO001665,2023-11-24,SUP012,SKU033,180,2023-11-28,2023-11-27,180,37550.0,RECEIVED,3.0
PO001666,2023-11-27,SUP012,SKU033,120,2023-12-01,2023-11-30,120,37550.0,RECEIVED,3.0
PO001667,2023-12-01,SUP012,SKU033,300,2023-12-05,2023-12-04,300,37550.0,RECEIVED,3.0
PO001668,2023-12-01,SUP012,SKU033,180,2023-12-05,2023-12-04,180,37550.0,RECEIVED,3.0
PO001669,2023-12-07,SUP012,SKU033,216,2023-12-11,2023-12-11,216,37550.0,RECEIVED,4.0
PO001670,2023-12-07,SUP012,SKU033,144,2023-12-11,2023-12-11,144,37550.0,RECEIVED,4.0
PO001671,2023-12-13,SUP012,SKU033,216,2023-12-17,2023-12-22,216,37550.0,RECEIVED,9.0
PO001672,2023-12-13,SUP012,SKU033,132,2023-12-17,2023-12-23,132,37550.0,RECEIVED,10.0
PO001673,2023-12-16,SUP012,SKU033,204,2023-12-20,2023-12-19,204,37550.0,RECEIVED,3.0
PO001674,2023-12-17,SUP012,SKU033,120,2023-12-21,2023-12-23,120,37550.0,RECEIVED,6.0
PO001675,2023-12-22,SUP012,SKU033,264,2023-12-26,2023-12-26,264,37550.0,RECEIVED,4.0
PO001676,2023-12-26,SUP012,SKU033,144,2023-12-30,2023-12-31,144,37550.0,RECEIVED,5.0
PO001677,2023-12-27,SUP012,SKU033,252,2023-12-31,2023-12-30,252,37550.0,RECEIVED,3.0
PO001678,2023-12-30,SUP012,SKU033,156,2024-01-03,2024-01-09,156,37550.0,RECEIVED,10.0
PO001679,2023-12-31,SUP012,SKU033,228,2024-01-04,2024-01-03,228,37550.0,RECEIVED,3.0
PO001680,2024-01-04,SUP012,SKU033,216,2024-01-08,2024-01-08,216,37550.0,RECEIVED,4.0
PO001681,2024-01-04,SUP012,SKU033,144,2024-01-08,2024-01-08,144,37550.0,RECEIVED,4.0
PO001682,2024-01-12,SUP012,SKU033,264,2024-01-16,2024-01-14,264,37550.0,RECEIVED,2.0
PO001683,2024-01-13,SUP012,SKU033,144,2024-01-17,2024-01-17,144,37550.0,RECEIVED,4.0
PO001684,2024-01-18,SUP012,SKU033,204,2024-01-22,2024-01-19,204,37550.0,RECEIVED,1.0
PO001685,2024-01-20,SUP012,SKU033,132,2024-01-24,2024-01-24,132,37550.0,RECEIVED,4.0
PO001686,2024-01-24,SUP012,SKU033,216,2024-01-28,2024-01-29,216,37550.0,RECEIVED,5.0
PO001687,2024-01-26,SUP012,SKU033,144,2024-01-30,2024-01-29,144,37550.0,RECEIVED,3.0
PO001688,2024-01-31,SUP012,SKU033,228,2024-02-04,2024-02-02,228,37550.0,RECEIVED,2.0
PO001689,2024-02-03,SUP012,SKU033,132,2024-02-07,2024-02-04,132,37550.0,RECEIVED,1.0
PO001690,2024-02-06,SUP012,SKU033,204,2024-02-10,2024-02-09,204,37550.0,RECEIVED,3.0
PO001691,2024-02-08,SUP012,SKU033,120,2024-02-12,2024-02-12,120,37550.0,RECEIVED,4.0
PO001692,2024-02-12,SUP012,SKU033,216,2024-02-16,2024-02-16,216,37550.0,RECEIVED,4.0
PO001693,2024-02-14,SUP012,SKU033,132,2024-02-18,2024-02-16,132,37550.0,RECEIVED,2.0
PO001694,2024-02-15,SUP012,SKU033,204,2024-02-19,2024-02-19,204,37550.0,RECEIVED,4.0
PO001695,2024-02-19,SUP012,SKU033,120,2024-02-23,2024-02-21,120,37550.0,RECEIVED,2.0
PO001696,2024-02-23,SUP012,SKU033,204,2024-02-27,2024-02-26,204,37550.0,RECEIVED,3.0
PO001697,2024-02-26,SUP012,SKU033,120,2024-03-01,2024-02-29,120,37550.0,RECEIVED,3.0
PO001698,2024-02-29,SUP012,SKU033,180,2024-03-04,2024-03-03,180,37550.0,RECEIVED,3.0
PO001699,2024-03-04,SUP012,SKU033,108,2024-03-08,2024-03-07,108,37550.0,RECEIVED,3.0
PO001700,2024-03-06,SUP012,SKU033,204,2024-03-10,2024-03-12,204,37550.0,RECEIVED,6.0
PO001701,2024-03-09,SUP012,SKU033,132,2024-03-13,2024-03-11,132,37550.0,RECEIVED,2.0
PO001702,2024-03-12,SUP012,SKU033,216,2024-03-16,2024-03-15,216,37550.0,RECEIVED,3.0
PO001703,2024-03-14,SUP012,SKU033,132,2024-03-18,2024-03-17,132,37550.0,RECEIVED,3.0
PO001704,2024-03-17,SUP012,SKU033,168,2024-03-21,2024-03-20,168,37550.0,RECEIVED,3.0
PO001705,2024-03-19,SUP012,SKU033,120,2024-03-23,2024-03-22,120,37550.0,RECEIVED,3.0
PO001706,2024-03-21,SUP012,SKU033,204,2024-03-25,,0,37550.0,CANCELLED,
PO001707,2024-03-22,SUP012,SKU033,252,2024-03-26,2024-03-24,252,37550.0,RECEIVED,2.0
PO001708,2024-03-23,SUP012,SKU033,108,2024-03-27,2024-03-25,108,37550.0,RECEIVED,2.0
PO001709,2024-03-27,SUP012,SKU033,180,2024-03-31,2024-03-30,180,37550.0,RECEIVED,3.0
PO001710,2024-03-28,SUP012,SKU033,120,2024-04-01,2024-04-08,120,37550.0,RECEIVED,11.0
PO001711,2024-04-01,SUP012,SKU033,192,2024-04-05,2024-04-04,192,37550.0,RECEIVED,3.0
PO001712,2024-04-02,SUP012,SKU033,108,2024-04-06,2024-04-06,108,37550.0,RECEIVED,4.0
PO001713,2024-04-05,SUP012,SKU033,180,2024-04-09,2024-04-08,180,37550.0,RECEIVED,3.0
PO001714,2024-04-10,SUP012,SKU033,168,2024-04-14,2024-04-14,168,37550.0,RECEIVED,4.0
PO001715,2024-04-10,SUP012,SKU033,120,2024-04-14,2024-04-15,120,37550.0,RECEIVED,5.0
PO001716,2024-04-16,SUP012,SKU033,168,2024-04-20,2024-04-19,168,37550.0,RECEIVED,3.0
PO001717,2024-04-17,SUP012,SKU033,120,2024-04-21,2024-04-27,120,37550.0,RECEIVED,10.0
PO001718,2024-04-21,SUP012,SKU033,180,2024-04-25,2024-04-25,180,37550.0,RECEIVED,4.0
PO001719,2024-04-27,SUP012,SKU033,168,2024-05-01,,0,37550.0,CANCELLED,
PO001720,2024-04-27,SUP012,SKU033,120,2024-05-01,2024-05-04,120,37550.0,RECEIVED,7.0
PO001721,2024-04-28,SUP012,SKU033,180,2024-05-02,2024-05-02,180,37550.0,RECEIVED,4.0
PO001722,2024-05-07,SUP012,SKU033,156,2024-05-11,2024-05-18,156,37550.0,RECEIVED,11.0
PO001723,2024-05-07,SUP012,SKU033,108,2024-05-11,2024-05-11,108,37550.0,RECEIVED,4.0
PO001724,2024-05-10,SUP012,SKU033,192,2024-05-14,2024-05-12,192,37550.0,RECEIVED,2.0
PO001725,2024-05-10,SUP012,SKU033,108,2024-05-14,2024-05-16,108,37550.0,RECEIVED,6.0
PO001726,2024-05-17,SUP012,SKU033,96,2024-05-21,2024-05-21,96,37550.0,RECEIVED,4.0
PO001727,2024-05-18,SUP012,SKU033,168,2024-05-22,2024-05-22,168,37550.0,RECEIVED,4.0
PO001728,2024-05-24,SUP012,SKU033,96,2024-05-28,2024-05-28,96,37550.0,RECEIVED,4.0
PO001729,2024-05-25,SUP012,SKU033,144,2024-05-29,2024-05-27,144,37550.0,RECEIVED,2.0
PO001730,2024-06-03,SUP012,SKU033,132,2024-06-07,2024-06-14,132,37550.0,RECEIVED,11.0
PO001731,2024-06-03,SUP012,SKU033,96,2024-06-07,2024-06-05,96,37550.0,RECEIVED,2.0
PO001732,2024-06-11,SUP012,SKU033,132,2024-06-15,2024-06-13,132,37550.0,RECEIVED,2.0
PO001733,2024-06-11,SUP012,SKU033,96,2024-06-15,2024-06-14,96,37550.0,RECEIVED,3.0
PO001734,2024-06-17,SUP012,SKU033,132,2024-06-21,2024-06-20,132,37550.0,RECEIVED,3.0
PO001735,2024-06-18,SUP012,SKU033,96,2024-06-22,2024-06-22,96,37550.0,RECEIVED,4.0
PO001736,2024-06-23,SUP012,SKU033,108,2024-06-27,2024-06-27,108,37550.0,RECEIVED,4.0
PO001737,2024-06-26,SUP012,SKU033,96,2024-06-30,2024-06-28,96,37550.0,RECEIVED,2.0
PO001738,2024-06-27,SUP012,SKU033,120,2024-07-01,2024-06-28,120,37550.0,RECEIVED,1.0
PO001739,2024-07-03,SUP012,SKU033,120,2024-07-07,2024-07-08,98,37550.0,PARTIAL,5.0
PO001740,2024-07-03,SUP012,SKU033,96,2024-07-07,2024-07-12,96,37550.0,RECEIVED,9.0
PO001741,2024-07-10,SUP012,SKU033,132,2024-07-14,2024-07-15,132,37550.0,RECEIVED,5.0
PO001742,2024-07-14,SUP012,SKU033,96,2024-07-18,2024-07-23,96,37550.0,RECEIVED,9.0
PO001743,2024-07-17,SUP012,SKU033,132,2024-07-21,2024-07-21,88,37550.0,PARTIAL,4.0
PO001744,2024-07-22,SUP012,SKU033,108,2024-07-26,2024-07-26,108,37550.0,RECEIVED,4.0
PO001745,2024-07-25,SUP012,SKU033,96,2024-07-29,2024-07-28,96,37550.0,RECEIVED,3.0
PO001746,2024-07-30,SUP012,SKU033,108,2024-08-03,2024-08-04,88,37550.0,PARTIAL,5.0
PO001747,2024-08-04,SUP012,SKU033,96,2024-08-08,2024-08-07,96,37550.0,RECEIVED,3.0
PO001748,2024-08-06,SUP012,SKU033,120,2024-08-10,2024-08-08,120,37550.0,RECEIVED,2.0
PO001749,2024-08-09,SUP012,SKU033,96,2024-08-13,2024-08-14,96,37550.0,RECEIVED,5.0
PO001750,2024-08-11,SUP012,SKU033,108,2024-08-15,2024-08-25,108,37550.0,RECEIVED,14.0
PO001751,2024-08-16,SUP012,SKU033,96,2024-08-20,2024-08-20,96,37550.0,RECEIVED,4.0
PO001752,2024-08-21,SUP012,SKU033,96,2024-08-25,2024-08-24,96,37550.0,RECEIVED,3.0
PO001753,2024-08-27,SUP012,SKU033,120,2024-08-31,2024-08-30,120,37550.0,RECEIVED,3.0
PO001754,2024-08-27,SUP012,SKU033,96,2024-08-31,2024-08-31,96,37550.0,RECEIVED,4.0
PO001755,2024-09-03,SUP012,SKU033,132,2024-09-07,2024-09-07,132,37550.0,RECEIVED,4.0
PO001756,2024-09-03,SUP012,SKU033,96,2024-09-07,2024-09-06,96,37550.0,RECEIVED,3.0
PO001757,2024-09-09,SUP012,SKU033,96,2024-09-13,2024-09-13,96,37550.0,RECEIVED,4.0
PO001758,2024-09-11,SUP012,SKU033,144,2024-09-15,2024-09-15,144,37550.0,RECEIVED,4.0
PO001759,2024-09-13,SUP012,SKU033,96,2024-09-17,2024-09-18,96,37550.0,RECEIVED,5.0
PO001760,2024-09-18,SUP012,SKU033,144,2024-09-22,2024-09-21,144,37550.0,RECEIVED,3.0
PO001761,2024-09-18,SUP012,SKU033,96,2024-09-22,2024-09-21,96,37550.0,RECEIVED,3.0
PO001762,2024-09-23,SUP012,SKU033,96,2024-09-27,2024-09-26,96,37550.0,RECEIVED,3.0
PO001763,2024-09-24,SUP012,SKU033,144,2024-09-28,2024-10-03,144,37550.0,RECEIVED,9.0
PO001764,2024-09-27,SUP012,SKU033,96,2024-10-01,2024-10-02,96,37550.0,RECEIVED,5.0
PO001765,2024-10-03,SUP012,SKU033,96,2024-10-07,2024-10-05,96,37550.0,RECEIVED,2.0
PO001766,2024-10-05,SUP012,SKU033,144,2024-10-09,2024-10-10,144,37550.0,RECEIVED,5.0
PO001767,2024-10-08,SUP012,SKU033,108,2024-10-12,2024-10-13,108,37550.0,RECEIVED,5.0
PO001768,2024-10-12,SUP012,SKU033,156,2024-10-16,2024-10-14,156,37550.0,RECEIVED,2.0
PO001769,2024-10-14,SUP012,SKU033,96,2024-10-18,2024-10-17,96,37550.0,RECEIVED,3.0
PO001770,2024-10-17,SUP012,SKU033,144,2024-10-21,2024-10-21,144,37550.0,RECEIVED,4.0
PO001771,2024-10-19,SUP012,SKU033,108,2024-10-23,2024-10-22,108,37550.0,RECEIVED,3.0
PO001772,2024-10-23,SUP012,SKU033,168,2024-10-27,2024-10-27,168,37550.0,RECEIVED,4.0
PO001773,2024-10-24,SUP012,SKU033,108,2024-10-28,2024-10-26,108,37550.0,RECEIVED,2.0
PO001774,2024-10-29,SUP012,SKU033,96,2024-11-02,2024-11-06,96,37550.0,RECEIVED,8.0
PO001775,2024-10-30,SUP012,SKU033,180,2024-11-03,2024-11-10,180,37550.0,RECEIVED,11.0
PO001776,2024-11-02,SUP012,SKU033,96,2024-11-06,2024-11-05,96,37550.0,RECEIVED,3.0
PO001777,2024-11-10,SUP012,SKU033,96,2024-11-14,2024-11-13,96,37550.0,RECEIVED,3.0
PO001778,2024-11-13,SUP012,SKU033,180,2024-11-17,2024-11-16,180,37550.0,RECEIVED,3.0
PO001779,2024-11-14,SUP012,SKU033,108,2024-11-18,2024-11-19,82,37550.0,PARTIAL,5.0
PO001780,2024-11-19,SUP012,SKU033,180,2024-11-23,2024-11-27,180,37550.0,RECEIVED,8.0
PO001781,2024-11-19,SUP012,SKU033,120,2024-11-23,2024-11-23,120,37550.0,RECEIVED,4.0
PO001782,2024-11-25,SUP012,SKU033,120,2024-11-29,2024-11-26,120,37550.0,RECEIVED,1.0
PO001783,2024-11-29,SUP012,SKU033,192,2024-12-03,2024-12-11,192,37550.0,RECEIVED,12.0
PO001784,2024-11-30,SUP012,SKU033,108,2024-12-04,2024-12-06,108,37550.0,RECEIVED,6.0
PO001785,2024-12-07,SUP012,SKU033,120,2024-12-11,2024-12-11,120,37550.0,RECEIVED,4.0
PO001786,2024-12-12,SUP012,SKU033,108,2024-12-16,2024-12-14,108,37550.0,RECEIVED,2.0
PO001787,2024-12-13,SUP012,SKU033,180,2024-12-17,2024-12-23,180,37550.0,RECEIVED,10.0
PO001788,2024-12-16,SUP012,SKU033,96,2024-12-20,2024-12-22,96,37550.0,RECEIVED,6.0
PO001789,2024-12-22,SUP012,SKU033,168,2024-12-26,2025-01-02,168,37550.0,RECEIVED,11.0
PO001790,2024-12-24,SUP012,SKU033,180,2024-12-28,2024-12-26,180,37550.0,RECEIVED,2.0
PO001791,2024-12-28,SUP012,SKU033,204,2025-01-01,2025-01-01,204,37550.0,RECEIVED,4.0
PO001792,2025-01-02,SUP012,SKU033,216,2025-01-06,2025-01-07,127,37550.0,PARTIAL,5.0
PO001793,2025-01-03,SUP012,SKU033,180,2025-01-07,2025-01-07,180,37550.0,RECEIVED,4.0
PO001794,2025-01-07,SUP012,SKU033,264,2025-01-11,2025-01-13,264,37550.0,RECEIVED,6.0
PO001795,2025-01-07,SUP012,SKU033,132,2025-01-11,2025-01-11,132,37550.0,RECEIVED,4.0
PO001796,2025-01-13,SUP012,SKU033,132,2025-01-17,2025-01-23,132,37550.0,RECEIVED,10.0
PO001797,2025-01-17,SUP012,SKU033,204,2025-01-21,2025-01-20,204,37550.0,RECEIVED,3.0
PO001798,2025-01-23,SUP012,SKU033,204,2025-01-27,2025-01-28,204,37550.0,RECEIVED,5.0
PO001799,2025-01-23,SUP012,SKU033,120,2025-01-27,2025-01-28,120,37550.0,RECEIVED,5.0
PO001800,2025-01-29,SUP012,SKU033,132,2025-02-02,2025-02-02,132,37550.0,RECEIVED,4.0
PO001801,2025-01-31,SUP012,SKU033,228,2025-02-04,2025-02-04,228,37550.0,RECEIVED,4.0
PO001802,2025-02-04,SUP012,SKU033,132,2025-02-08,2025-02-09,132,37550.0,RECEIVED,5.0
PO001803,2025-02-07,SUP012,SKU033,204,2025-02-11,2025-02-09,204,37550.0,RECEIVED,2.0
PO001804,2025-02-10,SUP012,SKU033,132,2025-02-14,2025-02-13,132,37550.0,RECEIVED,3.0
PO001805,2025-02-13,SUP012,SKU033,216,2025-02-17,2025-02-16,216,37550.0,RECEIVED,3.0
PO001806,2025-02-17,SUP012,SKU033,144,2025-02-21,2025-02-20,144,37550.0,RECEIVED,3.0
PO001807,2025-02-20,SUP012,SKU033,216,2025-02-24,2025-02-28,216,37550.0,RECEIVED,8.0
PO001808,2025-02-22,SUP012,SKU033,132,2025-02-26,2025-02-25,132,37550.0,RECEIVED,3.0
PO001809,2025-02-27,SUP012,SKU033,144,2025-03-03,2025-03-02,144,37550.0,RECEIVED,3.0
PO001810,2025-03-05,SUP012,SKU033,216,2025-03-09,2025-03-08,216,37550.0,RECEIVED,3.0
PO001811,2025-03-05,SUP012,SKU033,132,2025-03-09,2025-03-10,132,37550.0,RECEIVED,5.0
PO001812,2025-03-11,SUP012,SKU033,144,2025-03-15,2025-03-14,144,37550.0,RECEIVED,3.0
PO001813,2025-03-12,SUP012,SKU033,204,2025-03-16,2025-03-16,204,37550.0,RECEIVED,4.0
PO001814,2025-03-17,SUP012,SKU033,120,2025-03-21,2025-03-19,120,37550.0,RECEIVED,2.0
PO001815,2025-03-21,SUP012,SKU033,108,2025-03-25,2025-04-02,108,37550.0,RECEIVED,12.0
PO001816,2025-03-23,SUP012,SKU033,192,2025-03-27,2025-03-26,192,37550.0,RECEIVED,3.0
PO001817,2025-03-29,SUP012,SKU033,204,2025-04-02,2025-04-03,204,37550.0,RECEIVED,5.0
PO001818,2025-04-02,SUP012,SKU033,120,2025-04-06,2025-04-05,120,37550.0,RECEIVED,3.0
PO001819,2025-04-10,SUP012,SKU033,192,2025-04-14,2025-04-14,192,37550.0,RECEIVED,4.0
PO001820,2025-04-11,SUP012,SKU033,120,2025-04-15,2025-04-14,120,37550.0,RECEIVED,3.0
PO001821,2025-04-18,SUP012,SKU033,108,2025-04-22,2025-04-22,108,37550.0,RECEIVED,4.0
PO001822,2025-04-21,SUP012,SKU033,180,2025-04-25,2025-04-30,180,37550.0,RECEIVED,9.0
PO001823,2025-04-27,SUP012,SKU033,96,2025-05-01,2025-04-30,68,37550.0,PARTIAL,3.0
PO001824,2025-05-01,SUP012,SKU033,96,2025-05-05,2025-05-03,96,37550.0,RECEIVED,2.0
PO001825,2025-05-11,SUP012,SKU033,96,2025-05-15,2025-05-14,96,37550.0,RECEIVED,3.0
PO001826,2025-05-20,SUP012,SKU033,96,2025-05-24,2025-05-23,96,37550.0,RECEIVED,3.0
PO001827,2025-05-27,SUP012,SKU033,96,2025-05-31,2025-05-30,96,37550.0,RECEIVED,3.0
PO001828,2025-06-03,SUP012,SKU033,96,2025-06-07,2025-06-08,96,37550.0,RECEIVED,5.0
PO001829,2025-06-13,SUP012,SKU033,96,2025-06-17,2025-06-14,96,37550.0,RECEIVED,1.0
PO001830,2025-06-21,SUP012,SKU033,96,2025-06-25,2025-06-24,96,37550.0,RECEIVED,3.0
PO001831,2025-07-01,SUP012,SKU033,96,2025-07-05,2025-07-02,70,37550.0,PARTIAL,1.0
PO001832,2025-09-15,SUP012,SKU033,96,2025-09-19,2025-09-27,52,37550.0,PARTIAL,12.0
PO001833,2023-10-02,SUP007,SKU034,1008,2023-10-31,2023-11-04,1008,59800.0,RECEIVED,33.0
PO001834,2023-10-02,SUP007,SKU034,624,2023-10-31,2023-10-28,624,59800.0,RECEIVED,26.0
PO001835,2023-11-07,SUP007,SKU034,528,2023-12-06,2023-12-06,528,59800.0,RECEIVED,29.0
PO001836,2023-11-14,SUP007,SKU034,816,2023-12-13,2023-12-17,816,59800.0,RECEIVED,33.0
PO001837,2023-12-21,SUP007,SKU034,480,2024-01-19,2024-01-16,480,59800.0,RECEIVED,26.0
PO001838,2023-12-28,SUP007,SKU034,768,2024-01-26,2024-01-31,768,59800.0,RECEIVED,34.0
PO001839,2024-02-05,SUP007,SKU034,384,2024-03-05,2024-03-02,384,59800.0,RECEIVED,26.0
PO001840,2024-02-20,SUP007,SKU034,576,2024-03-20,2024-03-20,576,59800.0,RECEIVED,29.0
PO001841,2024-03-14,SUP007,SKU034,384,2024-04-12,2024-04-14,384,59800.0,RECEIVED,31.0
PO001842,2024-03-20,SUP007,SKU034,576,2024-04-18,2024-04-29,576,59800.0,RECEIVED,40.0
PO001843,2024-04-11,SUP007,SKU034,432,2024-05-10,,0,59800.0,CANCELLED,
PO001844,2024-04-12,SUP007,SKU034,672,2024-05-11,2024-05-16,672,59800.0,RECEIVED,34.0
PO001845,2024-04-12,SUP007,SKU034,432,2024-05-11,2024-05-08,432,59800.0,RECEIVED,26.0
PO001846,2024-05-23,SUP007,SKU034,384,2024-06-21,,0,59800.0,CANCELLED,
PO001847,2024-05-24,SUP007,SKU034,432,2024-06-22,2024-06-23,432,59800.0,RECEIVED,30.0
PO001848,2024-06-01,SUP007,SKU034,624,2024-06-30,2024-07-05,624,59800.0,RECEIVED,34.0
PO001849,2024-06-22,SUP007,SKU034,768,2024-07-21,2024-08-01,768,59800.0,RECEIVED,40.0
PO001850,2024-06-22,SUP007,SKU034,432,2024-07-21,2024-07-21,432,59800.0,RECEIVED,29.0
PO001851,2024-07-18,SUP007,SKU034,528,2024-08-16,2024-09-02,528,59800.0,RECEIVED,46.0
PO001852,2024-07-26,SUP007,SKU034,864,2024-08-24,2024-08-21,864,59800.0,RECEIVED,26.0
PO001853,2024-08-24,SUP007,SKU034,528,2024-09-22,2024-09-23,528,59800.0,RECEIVED,30.0
PO001854,2024-08-28,SUP007,SKU034,864,2024-09-26,2024-09-30,864,59800.0,RECEIVED,33.0
PO001855,2024-10-02,SUP007,SKU034,576,2024-10-31,2024-11-04,576,59800.0,RECEIVED,33.0
PO001856,2024-10-03,SUP007,SKU034,864,2024-11-01,2024-10-29,864,59800.0,RECEIVED,26.0
PO001857,2024-11-04,SUP007,SKU034,1008,2024-12-03,2024-12-03,1008,59800.0,RECEIVED,29.0
PO001858,2024-11-04,SUP007,SKU034,624,2024-12-03,2024-11-30,624,59800.0,RECEIVED,26.0
PO001859,2024-12-15,SUP007,SKU034,864,2025-01-13,2025-01-10,596,59800.0,PARTIAL,26.0
PO001860,2024-12-21,SUP007,SKU034,528,2025-01-19,2025-01-19,528,59800.0,RECEIVED,29.0
PO001861,2025-02-07,SUP007,SKU034,672,2025-03-08,2025-03-05,672,59800.0,RECEIVED,26.0
PO001862,2025-02-20,SUP007,SKU034,384,2025-03-21,2025-03-23,384,59800.0,RECEIVED,31.0
PO001863,2025-03-24,SUP007,SKU034,576,2025-04-22,2025-04-19,576,59800.0,RECEIVED,26.0
PO001864,2025-03-26,SUP007,SKU034,384,2025-04-24,2025-04-29,384,59800.0,RECEIVED,34.0
PO001865,2025-04-30,SUP007,SKU034,384,2025-05-29,2025-05-30,384,59800.0,RECEIVED,30.0
PO001866,2025-05-03,SUP007,SKU034,624,2025-06-01,2025-06-05,624,59800.0,RECEIVED,33.0
PO001867,2025-06-03,SUP007,SKU034,384,2025-07-02,2025-06-29,384,59800.0,RECEIVED,26.0
PO001868,2025-06-16,SUP007,SKU034,672,2025-07-15,2025-07-16,672,59800.0,RECEIVED,30.0
PO001869,2025-06-21,SUP007,SKU034,480,2025-07-20,2025-07-25,480,59800.0,RECEIVED,34.0
PO001870,2025-07-21,SUP007,SKU034,864,2025-08-19,2025-08-20,864,59800.0,RECEIVED,30.0
PO001871,2025-07-22,SUP007,SKU034,528,2025-08-20,2025-08-22,528,59800.0,RECEIVED,31.0
PO001872,2025-08-21,SUP007,SKU034,576,2025-09-19,2025-09-16,576,59800.0,RECEIVED,26.0
PO001873,2025-08-29,SUP007,SKU034,912,2025-09-27,2025-09-26,912,59800.0,RECEIVED,28.0
PO001874,2025-09-24,SUP007,SKU034,576,2025-10-23,2025-10-22,0,59800.0,OPEN,28.0
PO001875,2023-10-04,SUP009,SKU035,246,2023-10-16,2023-10-14,246,8600.0,RECEIVED,10.0
PO001876,2023-10-04,SUP009,SKU035,216,2023-10-16,2023-10-13,216,8600.0,RECEIVED,9.0
PO001877,2023-10-18,SUP009,SKU035,258,2023-10-30,2023-10-29,258,8600.0,RECEIVED,11.0
PO001878,2023-10-23,SUP009,SKU035,216,2023-11-04,2023-11-01,216,8600.0,RECEIVED,9.0
PO001879,2023-11-01,SUP009,SKU035,252,2023-11-13,2023-11-11,252,8600.0,RECEIVED,10.0
PO001880,2023-11-10,SUP009,SKU035,216,2023-11-22,2023-11-23,216,8600.0,RECEIVED,13.0
PO001881,2023-11-13,SUP009,SKU035,246,2023-11-25,2023-11-24,246,8600.0,RECEIVED,11.0
PO001882,2023-11-25,SUP009,SKU035,258,2023-12-07,2023-12-09,258,8600.0,RECEIVED,14.0
PO001883,2023-11-27,SUP009,SKU035,216,2023-12-09,2023-12-06,216,8600.0,RECEIVED,9.0
PO001884,2023-12-09,SUP009,SKU035,258,2023-12-21,2023-12-24,258,8600.0,RECEIVED,15.0
PO001885,2023-12-15,SUP009,SKU035,216,2023-12-27,2023-12-27,216,8600.0,RECEIVED,12.0
PO001886,2023-12-19,SUP009,SKU035,276,2023-12-31,2023-12-30,276,8600.0,RECEIVED,11.0
PO001887,2023-12-28,SUP009,SKU035,216,2024-01-09,2024-01-12,216,8600.0,RECEIVED,15.0
PO001888,2024-01-02,SUP009,SKU035,324,2024-01-14,2024-01-13,324,8600.0,RECEIVED,11.0
PO001889,2024-01-15,SUP009,SKU035,216,2024-01-27,2024-01-28,216,8600.0,RECEIVED,13.0
PO001890,2024-01-17,SUP009,SKU035,294,2024-01-29,2024-01-29,294,8600.0,RECEIVED,12.0
PO001891,2024-02-01,SUP009,SKU035,318,2024-02-13,2024-02-13,318,8600.0,RECEIVED,12.0
PO001892,2024-02-01,SUP009,SKU035,216,2024-02-13,2024-02-15,216,8600.0,RECEIVED,14.0
PO001893,2024-02-17,SUP009,SKU035,342,2024-02-29,2024-02-27,342,8600.0,RECEIVED,10.0
PO001894,2024-02-17,SUP009,SKU035,216,2024-02-29,2024-02-29,216,8600.0,RECEIVED,12.0
PO001895,2024-03-06,SUP009,SKU035,276,2024-03-18,2024-03-22,276,8600.0,RECEIVED,16.0
PO001896,2024-03-08,SUP009,SKU035,216,2024-03-20,2024-03-29,216,8600.0,RECEIVED,21.0
PO001897,2024-03-19,SUP009,SKU035,282,2024-03-31,2024-03-28,282,8600.0,RECEIVED,9.0
PO001898,2024-03-30,SUP009,SKU035,216,2024-04-11,2024-04-10,216,8600.0,RECEIVED,11.0
PO001899,2024-04-02,SUP009,SKU035,294,2024-04-14,2024-04-13,294,8600.0,RECEIVED,11.0
PO001900,2024-04-16,SUP009,SKU035,288,2024-04-28,2024-05-02,288,8600.0,RECEIVED,16.0
PO001901,2024-04-19,SUP009,SKU035,216,2024-05-01,2024-05-01,216,8600.0,RECEIVED,12.0
PO001902,2024-05-04,SUP009,SKU035,282,2024-05-16,2024-05-16,282,8600.0,RECEIVED,12.0
PO001903,2024-05-11,SUP009,SKU035,216,2024-05-23,2024-05-20,216,8600.0,RECEIVED,9.0
PO001904,2024-05-24,SUP009,SKU035,252,2024-06-05,2024-06-10,252,8600.0,RECEIVED,17.0
PO001905,2024-06-05,SUP009,SKU035,216,2024-06-17,2024-06-16,216,8600.0,RECEIVED,11.0
PO001906,2024-06-11,SUP009,SKU035,228,2024-06-23,2024-06-23,228,8600.0,RECEIVED,12.0
PO001907,2024-06-26,SUP009,SKU035,216,2024-07-08,2024-07-09,142,8600.0,PARTIAL,13.0
PO001908,2024-06-29,SUP009,SKU035,216,2024-07-11,2024-07-12,136,8600.0,PARTIAL,13.0
PO001909,2024-07-11,SUP009,SKU035,222,2024-07-23,2024-07-27,222,8600.0,RECEIVED,16.0
PO001910,2024-07-21,SUP009,SKU035,216,2024-08-02,2024-07-31,216,8600.0,RECEIVED,10.0
PO001911,2024-08-01,SUP009,SKU035,228,2024-08-13,2024-08-10,228,8600.0,RECEIVED,9.0
PO001912,2024-08-14,SUP009,SKU035,216,2024-08-26,2024-08-27,216,8600.0,RECEIVED,13.0
PO001913,2024-08-15,SUP009,SKU035,234,2024-08-27,2024-08-26,234,8600.0,RECEIVED,11.0
PO001914,2024-08-27,SUP009,SKU035,252,2024-09-08,2024-09-06,252,8600.0,RECEIVED,10.0
PO001915,2024-09-07,SUP009,SKU035,216,2024-09-19,2024-09-17,216,8600.0,RECEIVED,10.0
PO001916,2024-09-10,SUP009,SKU035,258,2024-09-22,2024-09-20,258,8600.0,RECEIVED,10.0
PO001917,2024-09-24,SUP009,SKU035,246,2024-10-06,2024-10-03,246,8600.0,RECEIVED,9.0
PO001918,2024-09-28,SUP009,SKU035,216,2024-10-10,2024-10-07,216,8600.0,RECEIVED,9.0
PO001919,2024-10-04,SUP009,SKU035,282,2024-10-16,2024-10-14,282,8600.0,RECEIVED,10.0
PO001920,2024-10-16,SUP009,SKU035,216,2024-10-28,2024-10-25,216,8600.0,RECEIVED,9.0
PO001921,2024-10-19,SUP009,SKU035,276,2024-10-31,2024-11-02,276,8600.0,RECEIVED,14.0
PO001922,2024-11-06,SUP009,SKU035,276,2024-11-18,2024-11-16,276,8600.0,RECEIVED,10.0
PO001923,2024-11-06,SUP009,SKU035,216,2024-11-18,2024-11-19,216,8600.0,RECEIVED,13.0
PO001924,2024-11-20,SUP009,SKU035,282,2024-12-02,2024-12-06,282,8600.0,RECEIVED,16.0
PO001925,2024-11-28,SUP009,SKU035,216,2024-12-10,2024-12-14,216,8600.0,RECEIVED,16.0
PO001926,2024-12-10,SUP009,SKU035,270,2024-12-22,2024-12-20,270,8600.0,RECEIVED,10.0
PO001927,2024-12-23,SUP009,SKU035,216,2025-01-04,2025-01-08,216,8600.0,RECEIVED,16.0
PO001928,2024-12-24,SUP009,SKU035,282,2025-01-05,2025-01-03,282,8600.0,RECEIVED,10.0
PO001929,2025-01-06,SUP009,SKU035,282,2025-01-18,2025-01-22,282,8600.0,RECEIVED,16.0
PO001930,2025-01-16,SUP009,SKU035,216,2025-01-28,2025-01-29,216,8600.0,RECEIVED,13.0
PO001931,2025-01-22,SUP009,SKU035,306,2025-02-03,2025-01-31,306,8600.0,RECEIVED,9.0
PO001932,2025-02-07,SUP009,SKU035,294,2025-02-19,2025-02-21,294,8600.0,RECEIVED,14.0
PO001933,2025-02-07,SUP009,SKU035,216,2025-02-19,2025-02-17,216,8600.0,RECEIVED,10.0
PO001934,2025-02-24,SUP009,SKU035,306,2025-03-08,2025-03-09,306,8600.0,RECEIVED,13.0
PO001935,2025-02-24,SUP009,SKU035,216,2025-03-08,2025-03-10,216,8600.0,RECEIVED,14.0
PO001936,2025-03-12,SUP009,SKU035,288,2025-03-24,2025-03-26,288,8600.0,RECEIVED,14.0
PO001937,2025-03-17,SUP009,SKU035,216,2025-03-29,2025-03-29,216,8600.0,RECEIVED,12.0
PO001938,2025-03-28,SUP009,SKU035,330,2025-04-09,2025-04-17,330,8600.0,RECEIVED,20.0
PO001939,2025-04-08,SUP009,SKU035,216,2025-04-20,2025-04-17,216,8600.0,RECEIVED,9.0
PO001940,2025-04-22,SUP009,SKU035,306,2025-05-04,2025-05-09,306,8600.0,RECEIVED,17.0
PO001941,2025-04-26,SUP009,SKU035,216,2025-05-08,2025-05-08,216,8600.0,RECEIVED,12.0
PO001942,2025-05-15,SUP009,SKU035,276,2025-05-27,2025-05-28,276,8600.0,RECEIVED,13.0
PO001943,2025-05-22,SUP009,SKU035,216,2025-06-03,2025-05-31,216,8600.0,RECEIVED,9.0
PO001944,2025-06-04,SUP009,SKU035,246,2025-06-16,2025-06-13,246,8600.0,RECEIVED,9.0
PO001945,2025-06-16,SUP009,SKU035,216,2025-06-28,2025-06-28,216,8600.0,RECEIVED,12.0
PO001946,2025-06-21,SUP009,SKU035,228,2025-07-03,2025-07-04,228,8600.0,RECEIVED,13.0
PO001947,2025-07-09,SUP009,SKU035,228,2025-07-21,2025-07-20,228,8600.0,RECEIVED,11.0
PO001948,2025-07-15,SUP009,SKU035,216,2025-07-27,2025-07-24,216,8600.0,RECEIVED,9.0
PO001949,2025-07-23,SUP009,SKU035,246,2025-08-04,2025-08-04,246,8600.0,RECEIVED,12.0
PO001950,2025-08-07,SUP009,SKU035,216,2025-08-19,2025-08-20,216,8600.0,RECEIVED,13.0
PO001951,2025-08-08,SUP009,SKU035,234,2025-08-20,2025-08-31,234,8600.0,RECEIVED,23.0
PO001952,2025-09-03,SUP009,SKU035,216,2025-09-15,2025-09-12,216,8600.0,RECEIVED,9.0
PO001953,2025-09-04,SUP009,SKU035,234,2025-09-16,2025-09-24,138,8600.0,PARTIAL,20.0
PO001954,2025-09-26,SUP009,SKU035,216,2025-10-08,2025-10-09,0,8600.0,OPEN,13.0
PO001955,2025-09-29,SUP009,SKU035,240,2025-10-11,2025-10-09,0,8600.0,OPEN,10.0
PO001956,2023-10-11,SUP002,SKU036,426,2023-10-16,2023-10-15,426,30350.0,RECEIVED,4.0
PO001957,2023-10-16,SUP002,SKU036,426,2023-10-21,2023-10-22,426,30350.0,RECEIVED,6.0
PO001958,2024-03-04,SUP002,SKU036,426,2024-03-09,2024-03-11,426,30350.0,RECEIVED,7.0
PO001959,2024-05-07,SUP002,SKU036,426,2024-05-12,2024-05-11,426,30350.0,RECEIVED,4.0
PO001960,2024-07-04,SUP002,SKU036,426,2024-07-09,2024-07-10,426,30350.0,RECEIVED,6.0
PO001961,2024-11-09,SUP002,SKU036,426,2024-11-14,2024-11-15,426,30350.0,RECEIVED,6.0
PO001962,2024-12-04,SUP002,SKU036,426,2024-12-09,2024-12-10,426,30350.0,RECEIVED,6.0
PO001963,2025-03-21,SUP002,SKU036,426,2025-03-26,2025-03-29,426,30350.0,RECEIVED,8.0
PO001964,2025-07-04,SUP002,SKU036,426,2025-07-09,2025-07-09,426,30350.0,RECEIVED,5.0
PO001965,2025-07-28,SUP002,SKU036,426,2025-08-02,2025-08-08,426,30350.0,RECEIVED,11.0
PO001966,2023-10-11,SUP012,SKU037,480,2023-10-17,2023-10-16,480,4900.0,RECEIVED,5.0
PO001967,2023-10-13,SUP012,SKU037,288,2023-10-19,2023-10-19,288,4900.0,RECEIVED,6.0
PO001968,2023-10-16,SUP012,SKU037,480,2023-10-22,2023-10-23,480,4900.0,RECEIVED,7.0
PO001969,2023-10-19,SUP012,SKU037,288,2023-10-25,2023-10-24,288,4900.0,RECEIVED,5.0
PO001970,2023-10-23,SUP012,SKU037,528,2023-10-29,2023-11-02,528,4900.0,RECEIVED,10.0
PO001971,2023-10-26,SUP012,SKU037,336,2023-11-01,2023-10-29,336,4900.0,RECEIVED,3.0
PO001972,2023-11-02,SUP012,SKU037,768,2023-11-08,2023-11-07,768,4900.0,RECEIVED,5.0
PO001973,2023-11-02,SUP012,SKU037,384,2023-11-08,2023-11-17,384,4900.0,RECEIVED,15.0
PO001974,2023-11-09,SUP012,SKU037,528,2023-11-15,2023-11-12,528,4900.0,RECEIVED,3.0
PO001975,2023-11-15,SUP012,SKU037,528,2023-11-21,2023-11-22,528,4900.0,RECEIVED,7.0
PO001976,2023-11-17,SUP012,SKU037,336,2023-11-23,2023-11-24,336,4900.0,RECEIVED,7.0
PO001977,2023-11-22,SUP012,SKU037,576,2023-11-28,2023-11-28,469,4900.0,PARTIAL,6.0
PO001978,2023-11-24,SUP012,SKU037,336,2023-11-30,2023-12-07,336,4900.0,RECEIVED,13.0
PO001979,2023-11-29,SUP012,SKU037,528,2023-12-05,2023-12-12,528,4900.0,RECEIVED,13.0
PO001980,2023-12-01,SUP012,SKU037,336,2023-12-07,2023-12-04,336,4900.0,RECEIVED,3.0
PO001981,2023-12-08,SUP012,SKU037,384,2023-12-14,2023-12-14,384,4900.0,RECEIVED,6.0
PO001982,2023-12-12,SUP012,SKU037,624,2023-12-18,2023-12-23,624,4900.0,RECEIVED,11.0
PO001983,2023-12-15,SUP012,SKU037,336,2023-12-21,2023-12-19,336,4900.0,RECEIVED,4.0
PO001984,2023-12-19,SUP012,SKU037,384,2023-12-25,2023-12-26,257,4900.0,PARTIAL,7.0
PO001985,2023-12-23,SUP012,SKU037,624,2023-12-29,2023-12-28,624,4900.0,RECEIVED,5.0
PO001986,2023-12-27,SUP012,SKU037,384,2024-01-02,2023-12-31,384,4900.0,RECEIVED,4.0
PO001987,2023-12-29,SUP012,SKU037,720,2024-01-04,2024-01-03,720,4900.0,RECEIVED,5.0
PO001988,2024-01-01,SUP012,SKU037,384,2024-01-07,2024-01-07,384,4900.0,RECEIVED,6.0
PO001989,2024-01-04,SUP012,SKU037,672,2024-01-10,2024-01-10,672,4900.0,RECEIVED,6.0
PO001990,2024-01-08,SUP012,SKU037,432,2024-01-14,2024-01-12,432,4900.0,RECEIVED,4.0
PO001991,2024-01-14,SUP012,SKU037,672,2024-01-20,2024-01-20,672,4900.0,RECEIVED,6.0
PO001992,2024-01-17,SUP012,SKU037,384,2024-01-23,2024-01-22,384,4900.0,RECEIVED,5.0
PO001993,2024-01-22,SUP012,SKU037,816,2024-01-28,2024-02-03,816,4900.0,RECEIVED,12.0
PO001994,2024-01-23,SUP012,SKU037,384,2024-01-29,2024-02-06,384,4900.0,RECEIVED,14.0
PO001995,2024-02-05,SUP012,SKU037,624,2024-02-11,2024-02-09,624,4900.0,RECEIVED,4.0
PO001996,2024-02-07,SUP012,SKU037,384,2024-02-13,2024-02-19,384,4900.0,RECEIVED,12.0
PO001997,2024-02-12,SUP012,SKU037,624,2024-02-18,2024-02-20,624,4900.0,RECEIVED,8.0
PO001998,2024-02-20,SUP012,SKU037,384,2024-02-26,2024-02-24,384,4900.0,RECEIVED,4.0
PO001999,2024-02-21,SUP012,SKU037,576,2024-02-27,2024-02-27,576,4900.0,RECEIVED,6.0
PO002000,2024-02-29,SUP012,SKU037,336,2024-03-06,2024-03-06,336,4900.0,RECEIVED,6.0
PO002001,2024-03-03,SUP012,SKU037,528,2024-03-09,2024-03-17,528,4900.0,RECEIVED,14.0
PO002002,2024-03-06,SUP012,SKU037,336,2024-03-12,2024-03-12,336,4900.0,RECEIVED,6.0
PO002003,2024-03-07,SUP012,SKU037,672,2024-03-13,2024-03-12,672,4900.0,RECEIVED,5.0
PO002004,2024-03-08,SUP012,SKU037,432,2024-03-14,2024-03-16,432,4900.0,RECEIVED,8.0
PO002005,2024-03-15,SUP012,SKU037,672,2024-03-21,2024-03-18,672,4900.0,RECEIVED,3.0
PO002006,2024-03-17,SUP012,SKU037,384,2024-03-23,2024-03-23,384,4900.0,RECEIVED,6.0
PO002007,2024-03-25,SUP012,SKU037,768,2024-03-31,2024-04-09,480,4900.0,PARTIAL,15.0
PO002008,2024-03-25,SUP012,SKU037,432,2024-03-31,2024-03-31,432,4900.0,RECEIVED,6.0
PO002009,2024-04-01,SUP012,SKU037,672,2024-04-07,2024-04-06,672,4900.0,RECEIVED,
PO002010,2024-04-01,SUP012,SKU037,432,2024-04-07,2024-04-07,432,4900.0,RECEIVED,6.0
PO002011,2024-04-09,SUP012,SKU037,432,2024-04-15,2024-04-14,432,4900.0,RECEIVED,5.0
PO002012,2024-04-15,SUP012,SKU037,672,2024-04-21,2024-04-18,672,4900.0,RECEIVED,3.0
PO002013,2024-04-20,SUP012,SKU037,432,2024-04-26,2024-04-25,432,4900.0,RECEIVED,5.0
PO002014,2024-04-26,SUP012,SKU037,672,2024-05-02,2024-05-03,672,4900.0,RECEIVED,7.0
PO002015,2024-05-03,SUP012,SKU037,432,2024-05-09,2024-05-07,432,4900.0,RECEIVED,4.0
PO002016,2024-05-16,SUP012,SKU037,480,2024-05-22,2024-05-23,480,4900.0,RECEIVED,7.0
PO002017,2024-05-21,SUP012,SKU037,336,2024-05-27,2024-05-26,336,4900.0,RECEIVED,5.0
PO002018,2024-05-29,SUP012,SKU037,480,2024-06-04,2024-06-04,480,4900.0,RECEIVED,6.0
PO002019,2024-05-30,SUP012,SKU037,288,2024-06-05,2024-06-06,288,4900.0,RECEIVED,7.0
PO002020,2024-06-10,SUP012,SKU037,288,2024-06-16,2024-06-15,288,4900.0,RECEIVED,5.0
PO002021,2024-06-11,SUP012,SKU037,432,2024-06-17,2024-06-15,432,4900.0,RECEIVED,4.0
PO002022,2024-06-16,SUP012,SKU037,288,2024-06-22,2024-06-23,288,4900.0,RECEIVED,7.0
PO002023,2024-06-18,SUP012,SKU037,480,2024-06-24,2024-06-24,480,4900.0,RECEIVED,6.0
PO002024,2024-06-26,SUP012,SKU037,288,2024-07-02,2024-07-08,288,4900.0,RECEIVED,12.0
PO002025,2024-07-01,SUP012,SKU037,480,2024-07-07,2024-07-06,480,4900.0,RECEIVED,5.0
PO002026,2024-07-10,SUP012,SKU037,288,2024-07-16,2024-07-13,288,4900.0,RECEIVED,3.0
PO002027,2024-07-11,SUP012,SKU037,480,2024-07-17,2024-07-16,480,4900.0,RECEIVED,5.0
PO002028,2024-07-19,SUP012,SKU037,336,2024-07-25,2024-07-24,336,4900.0,RECEIVED,5.0
PO002029,2024-07-20,SUP012,SKU037,480,2024-07-26,2024-07-24,480,4900.0,RECEIVED,4.0
PO002030,2024-07-30,SUP012,SKU037,480,2024-08-05,2024-08-05,480,4900.0,RECEIVED,6.0
PO002031,2024-07-30,SUP012,SKU037,288,2024-08-05,2024-08-14,288,4900.0,RECEIVED,15.0
PO002032,2024-08-12,SUP012,SKU037,432,2024-08-18,2024-08-18,432,4900.0,RECEIVED,6.0
PO002033,2024-08-16,SUP012,SKU037,336,2024-08-22,2024-08-23,336,4900.0,RECEIVED,7.0
PO002034,2024-08-21,SUP012,SKU037,432,2024-08-27,2024-08-26,432,4900.0,RECEIVED,5.0
PO002035,2024-08-26,SUP012,SKU037,288,2024-09-01,2024-08-31,288,4900.0,RECEIVED,5.0
PO002036,2024-08-30,SUP012,SKU037,432,2024-09-05,2024-09-05,432,4900.0,RECEIVED,6.0
PO002037,2024-09-04,SUP012,SKU037,288,2024-09-10,,0,4900.0,CANCELLED,
PO002038,2024-09-05,SUP012,SKU037,336,2024-09-11,2024-09-10,336,4900.0,RECEIVED,5.0
PO002039,2024-09-10,SUP012,SKU037,384,2024-09-16,2024-09-14,384,4900.0,RECEIVED,4.0
PO002040,2024-09-14,SUP012,SKU037,240,2024-09-20,2024-09-18,240,4900.0,RECEIVED,4.0
PO002041,2024-09-19,SUP012,SKU037,480,2024-09-25,2024-09-26,480,4900.0,RECEIVED,7.0
PO002042,2024-09-21,SUP012,SKU037,336,2024-09-27,2024-09-26,336,4900.0,RECEIVED,5.0
PO002043,2024-10-01,SUP012,SKU037,576,2024-10-07,2024-10-07,576,4900.0,RECEIVED,6.0
PO002044,2024-10-01,SUP012,SKU037,480,2024-10-07,2024-10-06,480,4900.0,RECEIVED,5.0
PO002045,2024-10-12,SUP012,SKU037,336,2024-10-18,2024-10-17,336,4900.0,RECEIVED,5.0
PO002046,2024-10-13,SUP012,SKU037,480,2024-10-19,2024-10-20,480,4900.0,RECEIVED,7.0
PO002047,2024-10-22,SUP012,SKU037,288,2024-10-28,2024-10-29,288,4900.0,RECEIVED,7.0
PO002048,2024-10-25,SUP012,SKU037,528,2024-10-31,2024-11-08,528,4900.0,RECEIVED,14.0
PO002049,2024-10-30,SUP012,SKU037,336,2024-11-05,2024-11-05,336,4900.0,RECEIVED,6.0
PO002050,2024-11-07,SUP012,SKU037,336,2024-11-13,2024-11-14,336,4900.0,RECEIVED,7.0
PO002051,2024-11-14,SUP012,SKU037,480,2024-11-20,2024-11-22,480,4900.0,RECEIVED,8.0
PO002052,2024-11-15,SUP012,SKU037,336,2024-11-21,2024-11-21,336,4900.0,RECEIVED,6.0
PO002053,2024-11-22,SUP012,SKU037,336,2024-11-28,2024-11-28,336,4900.0,RECEIVED,6.0
PO002054,2024-11-25,SUP012,SKU037,480,2024-12-01,2024-12-01,480,4900.0,RECEIVED,6.0
PO002055,2024-11-29,SUP012,SKU037,384,2024-12-05,2024-12-05,384,4900.0,RECEIVED,6.0
PO002056,2024-12-05,SUP012,SKU037,576,2024-12-11,2024-12-12,576,4900.0,RECEIVED,7.0
PO002057,2024-12-07,SUP012,SKU037,336,2024-12-13,2024-12-11,336,4900.0,RECEIVED,4.0
PO002058,2024-12-16,SUP012,SKU037,528,2024-12-22,2024-12-22,528,4900.0,RECEIVED,6.0
PO002059,2024-12-16,SUP012,SKU037,432,2024-12-22,2024-12-22,432,4900.0,RECEIVED,6.0
PO002060,2024-12-26,SUP012,SKU037,672,2025-01-01,2025-01-01,672,4900.0,RECEIVED,6.0
PO002061,2024-12-26,SUP012,SKU037,384,2025-01-01,2024-12-31,384,4900.0,RECEIVED,5.0
PO002062,2024-12-31,SUP012,SKU037,576,2025-01-06,2025-01-05,576,4900.0,RECEIVED,5.0
PO002063,2025-01-03,SUP012,SKU037,624,2025-01-09,2025-01-08,624,4900.0,RECEIVED,5.0
PO002064,2025-01-09,SUP012,SKU037,432,2025-01-15,2025-01-13,432,4900.0,RECEIVED,4.0
PO002065,2025-01-12,SUP012,SKU037,672,2025-01-18,2025-01-15,672,4900.0,RECEIVED,3.0
PO002066,2025-01-17,SUP012,SKU037,384,2025-01-23,2025-01-23,384,4900.0,RECEIVED,6.0
PO002067,2025-01-19,SUP012,SKU037,672,2025-01-25,2025-01-25,672,4900.0,RECEIVED,
PO002068,2025-01-24,SUP012,SKU037,432,2025-01-30,2025-01-30,432,4900.0,RECEIVED,6.0
PO002069,2025-01-31,SUP012,SKU037,624,2025-02-06,2025-02-04,624,4900.0,RECEIVED,4.0
PO002070,2025-02-07,SUP012,SKU037,384,2025-02-13,2025-02-11,384,4900.0,RECEIVED,4.0
PO002071,2025-02-12,SUP012,SKU037,624,2025-02-18,2025-02-21,624,4900.0,RECEIVED,9.0
PO002072,2025-02-15,SUP012,SKU037,384,2025-02-21,2025-02-19,384,4900.0,RECEIVED,4.0
PO002073,2025-02-24,SUP012,SKU037,720,2025-03-02,2025-03-02,720,4900.0,RECEIVED,6.0
PO002074,2025-02-24,SUP012,SKU037,432,2025-03-02,2025-02-27,432,4900.0,RECEIVED,3.0
PO002075,2025-03-05,SUP012,SKU037,336,2025-03-11,2025-03-12,336,4900.0,RECEIVED,7.0
PO002076,2025-03-07,SUP012,SKU037,576,2025-03-13,2025-03-11,576,4900.0,RECEIVED,4.0
PO002077,2025-03-12,SUP012,SKU037,624,2025-03-18,2025-03-17,624,4900.0,RECEIVED,5.0
PO002078,2025-03-12,SUP012,SKU037,384,2025-03-18,2025-03-18,384,4900.0,RECEIVED,6.0
PO002079,2025-03-21,SUP012,SKU037,384,2025-03-27,2025-03-27,384,4900.0,RECEIVED,6.0
PO002080,2025-03-24,SUP012,SKU037,576,2025-03-30,2025-03-27,576,4900.0,RECEIVED,3.0
PO002081,2025-03-28,SUP012,SKU037,336,2025-04-03,2025-04-03,336,4900.0,RECEIVED,6.0
PO002082,2025-03-30,SUP012,SKU037,576,2025-04-05,2025-04-05,576,4900.0,RECEIVED,6.0
PO002083,2025-04-05,SUP012,SKU037,384,2025-04-11,2025-04-11,384,4900.0,RECEIVED,6.0
PO002084,2025-04-10,SUP012,SKU037,576,2025-04-16,2025-04-24,576,4900.0,RECEIVED,14.0
PO002085,2025-04-14,SUP012,SKU037,384,2025-04-20,2025-04-23,384,4900.0,RECEIVED,9.0
PO002086,2025-04-24,SUP012,SKU037,336,2025-04-30,2025-05-01,336,4900.0,RECEIVED,7.0
PO002087,2025-04-28,SUP012,SKU037,576,2025-05-04,2025-05-03,576,4900.0,RECEIVED,5.0
PO002088,2025-05-02,SUP012,SKU037,336,2025-05-08,2025-05-06,336,4900.0,RECEIVED,4.0
PO002089,2025-05-08,SUP012,SKU037,528,2025-05-14,2025-05-22,528,4900.0,RECEIVED,14.0
PO002090,2025-05-16,SUP012,SKU037,480,2025-05-22,,0,4900.0,CANCELLED,
PO002091,2025-05-17,SUP012,SKU037,480,2025-05-23,2025-05-24,480,4900.0,RECEIVED,7.0
PO002092,2025-05-29,SUP012,SKU037,432,2025-06-04,2025-06-05,432,4900.0,RECEIVED,7.0
PO002093,2025-05-31,SUP012,SKU037,288,2025-06-06,2025-06-06,288,4900.0,RECEIVED,6.0
PO002094,2025-06-11,SUP012,SKU037,288,2025-06-17,2025-06-20,288,4900.0,RECEIVED,9.0
PO002095,2025-06-12,SUP012,SKU037,432,2025-06-18,2025-06-17,432,4900.0,RECEIVED,5.0
PO002096,2025-06-24,SUP012,SKU037,240,2025-06-30,2025-07-01,240,4900.0,RECEIVED,7.0
PO002097,2025-06-26,SUP012,SKU037,432,2025-07-02,2025-06-30,432,4900.0,RECEIVED,4.0
PO002098,2025-07-04,SUP012,SKU037,240,2025-07-10,2025-07-10,240,4900.0,RECEIVED,6.0
PO002099,2025-07-07,SUP012,SKU037,384,2025-07-13,2025-07-13,384,4900.0,RECEIVED,6.0
PO002100,2025-07-13,SUP012,SKU037,240,2025-07-19,2025-07-19,240,4900.0,RECEIVED,6.0
PO002101,2025-07-23,SUP012,SKU037,240,2025-07-29,2025-07-28,240,4900.0,RECEIVED,5.0
PO002102,2025-07-31,SUP012,SKU037,240,2025-08-06,2025-08-06,240,4900.0,RECEIVED,6.0
PO002103,2025-08-07,SUP012,SKU037,384,2025-08-13,2025-08-14,384,4900.0,RECEIVED,7.0
PO002104,2025-08-09,SUP012,SKU037,240,2025-08-15,2025-08-14,240,4900.0,RECEIVED,5.0
PO002105,2025-08-15,SUP012,SKU037,384,2025-08-21,2025-08-20,384,4900.0,RECEIVED,5.0
PO002106,2025-08-16,SUP012,SKU037,432,2025-08-22,2025-08-23,432,4900.0,RECEIVED,7.0
PO002107,2025-08-26,SUP012,SKU037,288,2025-09-01,2025-08-30,288,4900.0,RECEIVED,4.0
PO002108,2025-08-28,SUP012,SKU037,432,2025-09-03,2025-09-12,432,4900.0,RECEIVED,15.0
PO002109,2025-09-01,SUP012,SKU037,288,2025-09-07,2025-09-07,288,4900.0,RECEIVED,6.0
PO002110,2025-09-09,SUP012,SKU037,288,2025-09-15,2025-09-13,288,4900.0,RECEIVED,4.0
PO002111,2025-09-16,SUP012,SKU037,480,2025-09-22,2025-09-22,480,4900.0,RECEIVED,6.0
PO002112,2025-09-16,SUP012,SKU037,288,2025-09-22,2025-09-22,288,4900.0,RECEIVED,6.0
PO002113,2025-09-24,SUP012,SKU037,288,2025-09-30,2025-09-29,288,4900.0,RECEIVED,5.0
PO002114,2025-09-26,SUP012,SKU037,480,2025-10-02,2025-10-01,0,4900.0,OPEN,5.0
PO002115,2023-10-06,SUP008,SKU038,552,2023-10-13,2023-10-10,552,7800.0,RECEIVED,4.0
PO002116,2023-10-06,SUP008,SKU038,552,2023-10-13,2023-10-12,552,7800.0,RECEIVED,6.0
PO002117,2023-10-20,SUP008,SKU038,552,2023-10-27,2023-10-27,552,7800.0,RECEIVED,7.0
PO002118,2023-11-04,SUP008,SKU038,552,2023-11-11,2023-11-09,552,7800.0,RECEIVED,5.0
PO002119,2023-11-08,SUP008,SKU038,552,2023-11-15,2023-11-14,552,7800.0,RECEIVED,6.0
PO002120,2023-11-26,SUP008,SKU038,552,2023-12-03,2023-12-03,552,7800.0,RECEIVED,7.0
PO002121,2023-12-03,SUP008,SKU038,552,2023-12-10,2023-12-09,552,7800.0,RECEIVED,6.0
PO002122,2023-12-14,SUP008,SKU038,552,2023-12-21,2023-12-21,552,7800.0,RECEIVED,7.0
PO002123,2023-12-27,SUP008,SKU038,552,2024-01-03,2024-01-09,552,7800.0,RECEIVED,13.0
PO002124,2023-12-27,SUP008,SKU038,552,2024-01-03,2024-01-01,552,7800.0,RECEIVED,5.0
PO002125,2024-01-14,SUP008,SKU038,552,2024-01-21,2024-01-22,552,7800.0,RECEIVED,8.0
PO002126,2024-01-20,SUP008,SKU038,552,2024-01-27,2024-01-25,552,7800.0,RECEIVED,5.0
PO002127,2024-01-30,SUP008,SKU038,552,2024-02-06,2024-02-05,552,7800.0,RECEIVED,6.0
PO002128,2024-02-20,SUP008,SKU038,552,2024-02-27,2024-03-06,552,7800.0,RECEIVED,15.0
PO002129,2024-02-21,SUP008,SKU038,552,2024-02-28,2024-02-27,552,7800.0,RECEIVED,6.0
PO002130,2024-03-16,SUP008,SKU038,552,2024-03-23,2024-03-24,552,7800.0,RECEIVED,8.0
PO002131,2024-03-29,SUP008,SKU038,552,2024-04-05,2024-04-08,552,7800.0,RECEIVED,10.0
PO002132,2024-04-06,SUP008,SKU038,552,2024-04-13,2024-04-12,552,7800.0,RECEIVED,6.0
PO002133,2024-05-04,SUP008,SKU038,552,2024-05-11,2024-05-20,552,7800.0,RECEIVED,16.0
PO002134,2024-05-16,SUP008,SKU038,552,2024-05-23,2024-05-22,552,7800.0,RECEIVED,6.0
PO002135,2024-06-10,SUP008,SKU038,552,2024-06-17,2024-06-17,552,7800.0,RECEIVED,7.0
PO002136,2024-07-03,SUP008,SKU038,552,2024-07-10,2024-07-10,552,7800.0,RECEIVED,7.0
PO002137,2024-07-07,SUP008,SKU038,552,2024-07-14,2024-07-14,552,7800.0,RECEIVED,7.0
PO002138,2024-07-31,SUP008,SKU038,552,2024-08-07,2024-08-05,552,7800.0,RECEIVED,5.0
PO002139,2024-08-10,SUP008,SKU038,552,2024-08-17,2024-08-17,552,7800.0,RECEIVED,7.0
PO002140,2024-08-21,SUP008,SKU038,552,2024-08-28,2024-08-27,552,7800.0,RECEIVED,6.0
PO002141,2024-09-09,SUP008,SKU038,552,2024-09-16,2024-09-17,552,7800.0,RECEIVED,8.0
PO002142,2024-09-11,SUP008,SKU038,552,2024-09-18,2024-09-15,552,7800.0,RECEIVED,4.0
PO002143,2024-09-24,SUP008,SKU038,552,2024-10-01,2024-09-30,552,7800.0,RECEIVED,6.0
PO002144,2024-10-03,SUP008,SKU038,552,2024-10-10,2024-10-09,552,7800.0,RECEIVED,6.0
PO002145,2024-10-10,SUP008,SKU038,552,2024-10-17,2024-10-24,552,7800.0,RECEIVED,14.0
PO002146,2024-10-29,SUP008,SKU038,552,2024-11-05,2024-11-07,552,7800.0,RECEIVED,9.0
PO002147,2024-10-31,SUP008,SKU038,552,2024-11-07,2024-11-08,552,7800.0,RECEIVED,8.0
PO002148,2024-11-18,SUP008,SKU038,552,2024-11-25,2024-12-04,552,7800.0,RECEIVED,16.0
PO002149,2024-11-27,SUP008,SKU038,552,2024-12-04,2024-12-04,552,7800.0,RECEIVED,7.0
PO002150,2024-12-14,SUP008,SKU038,552,2024-12-21,2024-12-21,552,7800.0,RECEIVED,7.0
PO002151,2024-12-24,SUP008,SKU038,552,2024-12-31,2024-12-31,552,7800.0,RECEIVED,7.0
PO002152,2024-12-27,SUP008,SKU038,552,2025-01-03,2025-01-03,552,7800.0,RECEIVED,7.0
PO002153,2025-01-09,SUP008,SKU038,552,2025-01-16,2025-01-16,552,7800.0,RECEIVED,7.0
PO002154,2025-01-16,SUP008,SKU038,552,2025-01-23,2025-02-01,552,7800.0,RECEIVED,16.0
PO002155,2025-01-28,SUP008,SKU038,552,2025-02-04,2025-02-06,552,7800.0,RECEIVED,9.0
PO002156,2025-02-20,SUP008,SKU038,552,2025-02-27,2025-02-27,282,7800.0,PARTIAL,7.0
PO002157,2025-02-24,SUP008,SKU038,552,2025-03-03,2025-03-06,552,7800.0,RECEIVED,10.0
PO002158,2025-04-01,SUP008,SKU038,552,2025-04-08,2025-04-14,552,7800.0,RECEIVED,13.0
PO002159,2025-05-22,SUP008,SKU038,552,2025-05-29,2025-05-31,552,7800.0,RECEIVED,9.0
PO002160,2025-07-06,SUP008,SKU038,552,2025-07-13,2025-07-14,552,7800.0,RECEIVED,8.0
PO002161,2025-08-12,SUP008,SKU038,552,2025-08-19,2025-08-19,552,7800.0,RECEIVED,7.0
PO002162,2025-09-14,SUP008,SKU038,552,2025-09-21,2025-09-20,552,7800.0,RECEIVED,6.0
PO002163,2023-10-02,SUP007,SKU039,1824,2023-11-03,2023-11-08,1824,19850.0,RECEIVED,37.0
PO002164,2023-10-02,SUP007,SKU039,1344,2023-11-03,2023-11-11,1344,19850.0,RECEIVED,40.0
PO002165,2023-10-25,SUP007,SKU039,1896,2023-11-26,2023-11-23,1896,19850.0,RECEIVED,29.0
PO002166,2023-11-19,SUP007,SKU039,1296,2023-12-21,2023-12-18,1296,19850.0,RECEIVED,29.0
PO002167,2023-12-12,SUP007,SKU039,1896,2024-01-13,2024-01-21,1896,19850.0,RECEIVED,40.0
PO002168,2023-12-21,SUP007,SKU039,1320,2024-01-22,2024-01-23,1320,19850.0,RECEIVED,33.0
PO002169,2024-01-05,SUP007,SKU039,2136,2024-02-06,2024-02-03,2136,19850.0,RECEIVED,29.0
PO002170,2024-01-24,SUP007,SKU039,1296,2024-02-25,2024-02-23,1296,19850.0,RECEIVED,30.0
PO002171,2024-03-01,SUP007,SKU039,1968,2024-04-02,2024-04-14,1968,19850.0,RECEIVED,44.0
PO002172,2024-03-07,SUP007,SKU039,1224,2024-04-08,2024-04-16,1224,19850.0,RECEIVED,40.0
PO002173,2024-03-28,SUP007,SKU039,2208,2024-04-29,2024-05-01,2208,19850.0,RECEIVED,34.0
PO002174,2024-03-31,SUP007,SKU039,1344,2024-05-02,2024-05-02,1344,19850.0,RECEIVED,32.0
PO002175,2024-06-01,SUP007,SKU039,1872,2024-07-03,2024-07-01,1872,19850.0,RECEIVED,30.0
PO002176,2024-06-06,SUP007,SKU039,1128,2024-07-08,2024-07-18,1128,19850.0,RECEIVED,42.0
PO002177,2024-07-20,SUP007,SKU039,1608,2024-08-21,2024-08-23,1608,19850.0,RECEIVED,34.0
PO002178,2024-07-23,SUP007,SKU039,984,2024-08-24,2024-08-23,984,19850.0,RECEIVED,31.0
PO002179,2024-08-23,SUP007,SKU039,1656,2024-09-24,,0,19850.0,CANCELLED,
PO002180,2024-08-23,SUP007,SKU039,1056,2024-09-24,2024-09-25,1056,19850.0,RECEIVED,33.0
PO002181,2024-08-24,SUP007,SKU039,1680,2024-09-25,2024-10-03,1680,19850.0,RECEIVED,40.0
PO002182,2024-09-26,SUP007,SKU039,1704,2024-10-28,2024-10-25,1704,19850.0,RECEIVED,29.0
PO002183,2024-09-26,SUP007,SKU039,1080,2024-10-28,2024-10-25,1080,19850.0,RECEIVED,29.0
PO002184,2024-10-28,SUP007,SKU039,1128,2024-11-29,2024-11-30,1128,19850.0,RECEIVED,33.0
PO002185,2024-11-01,SUP007,SKU039,1848,2024-12-03,2024-12-19,1848,19850.0,RECEIVED,48.0
PO002186,2024-11-28,SUP007,SKU039,1224,2024-12-30,2025-01-04,1224,19850.0,RECEIVED,37.0
PO002187,2024-12-04,SUP007,SKU039,1920,2025-01-05,2025-01-02,1920,19850.0,RECEIVED,29.0
PO002188,2024-12-27,SUP007,SKU039,1296,2025-01-28,2025-02-04,1296,19850.0,RECEIVED,39.0
PO002189,2025-01-09,SUP007,SKU039,2256,2025-02-10,2025-02-12,2256,19850.0,RECEIVED,34.0
PO002190,2025-02-06,SUP007,SKU039,1704,2025-03-10,2025-03-10,1704,19850.0,RECEIVED,32.0
PO002191,2025-02-14,SUP007,SKU039,2328,2025-03-18,2025-03-21,2328,19850.0,RECEIVED,35.0
PO002192,2025-03-18,SUP007,SKU039,1416,2025-04-19,,0,19850.0,CANCELLED,
PO002193,2025-03-19,SUP007,SKU039,1464,2025-04-20,2025-04-17,1183,19850.0,PARTIAL,29.0
PO002194,2025-03-20,SUP007,SKU039,2304,2025-04-21,2025-04-18,2304,19850.0,RECEIVED,29.0
PO002195,2025-04-28,SUP007,SKU039,1368,2025-05-30,2025-05-31,1368,19850.0,RECEIVED,33.0
PO002196,2025-04-30,SUP007,SKU039,2232,2025-06-01,2025-06-10,2232,19850.0,RECEIVED,41.0
PO002197,2025-06-22,SUP007,SKU039,1080,2025-07-24,2025-07-21,1080,19850.0,RECEIVED,29.0
PO002198,2025-06-28,SUP007,SKU039,1704,2025-07-30,2025-08-02,1704,19850.0,RECEIVED,35.0
PO002199,2025-08-05,SUP007,SKU039,1008,2025-09-06,2025-09-10,1008,19850.0,RECEIVED,36.0
PO002200,2025-08-06,SUP007,SKU039,1656,2025-09-07,2025-09-04,1656,19850.0,RECEIVED,29.0
PO002201,2025-09-10,SUP007,SKU039,1680,2025-10-12,2025-10-24,0,19850.0,OPEN,44.0
PO002202,2025-09-20,SUP007,SKU039,1032,2025-10-22,2025-10-19,0,19850.0,OPEN,29.0
PO002203,2023-10-24,SUP004,SKU040,990,2023-10-27,2023-10-27,990,32650.0,RECEIVED,3.0
PO002204,2023-10-26,SUP004,SKU040,990,2023-10-29,2023-10-28,990,32650.0,RECEIVED,2.0
PO002205,2024-01-04,SUP004,SKU040,990,2024-01-07,2024-01-08,990,32650.0,RECEIVED,4.0
PO002206,2024-02-10,SUP004,SKU040,990,2024-02-13,2024-02-14,990,32650.0,RECEIVED,4.0
PO002207,2024-02-28,SUP004,SKU040,990,2024-03-02,2024-03-03,990,32650.0,RECEIVED,4.0
PO002208,2024-04-04,SUP004,SKU040,990,2024-04-07,2024-04-06,990,32650.0,RECEIVED,2.0
PO002209,2024-04-12,SUP004,SKU040,990,2024-04-15,2024-04-14,990,32650.0,RECEIVED,2.0
PO002210,2024-05-15,SUP004,SKU040,990,2024-05-18,2024-05-23,990,32650.0,RECEIVED,8.0
PO002211,2024-07-01,SUP004,SKU040,990,2024-07-04,2024-07-03,990,32650.0,RECEIVED,2.0
PO002212,2024-07-13,SUP004,SKU040,990,2024-07-16,2024-07-17,578,32650.0,PARTIAL,4.0
PO002213,2024-10-27,SUP004,SKU040,990,2024-10-30,2024-10-30,990,32650.0,RECEIVED,3.0
PO002214,2025-02-08,SUP004,SKU040,990,2025-02-11,2025-02-09,990,32650.0,RECEIVED,1.0
PO002215,2025-04-11,SUP004,SKU040,990,2025-04-14,2025-04-14,990,32650.0,RECEIVED,3.0
PO002216,2025-07-04,SUP004,SKU040,990,2025-07-07,2025-07-06,990,32650.0,RECEIVED,2.0
PO002217,2023-10-09,SUP001,SKU041,1320,2023-11-02,2023-10-30,1320,36450.0,RECEIVED,21.0
PO002218,2023-10-09,SUP001,SKU041,768,2023-11-02,2023-11-01,768,36450.0,RECEIVED,23.0
PO002219,2023-10-21,SUP001,SKU041,996,2023-11-14,2023-11-13,996,36450.0,RECEIVED,23.0
PO002220,2023-10-22,SUP001,SKU041,1608,2023-11-15,2023-11-19,1608,36450.0,RECEIVED,28.0
PO002221,2023-11-13,SUP001,SKU041,1884,2023-12-07,2023-12-08,1884,36450.0,RECEIVED,25.0
PO002222,2023-11-13,SUP001,SKU041,1140,2023-12-07,,0,36450.0,CANCELLED,
PO002223,2023-11-14,SUP001,SKU041,1260,2023-12-08,2023-12-06,1260,36450.0,RECEIVED,22.0
PO002224,2023-12-04,SUP001,SKU041,2160,2023-12-28,2023-12-26,2160,36450.0,RECEIVED,22.0
PO002225,2023-12-04,SUP001,SKU041,1320,2023-12-28,2023-12-25,1320,36450.0,RECEIVED,21.0
PO002226,2023-12-22,SUP001,SKU041,2436,2024-01-15,2024-01-15,2436,36450.0,RECEIVED,24.0
PO002227,2023-12-22,SUP001,SKU041,1572,2024-01-15,2024-01-24,1572,36450.0,RECEIVED,33.0
PO002228,2024-01-10,SUP001,SKU041,2760,2024-02-03,2024-02-07,2760,36450.0,RECEIVED,28.0
PO002229,2024-01-11,SUP001,SKU041,1764,2024-02-04,2024-02-07,1764,36450.0,RECEIVED,27.0
PO002230,2024-02-13,SUP001,SKU041,2628,2024-03-08,2024-03-05,2628,36450.0,RECEIVED,21.0
PO002231,2024-02-27,SUP001,SKU041,1488,2024-03-22,2024-03-19,1488,36450.0,RECEIVED,21.0
PO002232,2024-03-15,SUP001,SKU041,2484,2024-04-08,2024-04-05,2484,36450.0,RECEIVED,21.0
PO002233,2024-03-20,SUP001,SKU041,1524,2024-04-13,2024-04-16,1524,36450.0,RECEIVED,27.0
PO002234,2024-04-04,SUP001,SKU041,2664,2024-04-28,2024-05-09,2664,36450.0,RECEIVED,35.0
PO002235,2024-04-12,SUP001,SKU041,1608,2024-05-06,2024-05-03,1608,36450.0,RECEIVED,21.0
PO002236,2024-05-30,SUP001,SKU041,1824,2024-06-23,2024-06-24,1824,36450.0,RECEIVED,25.0
PO002237,2024-06-17,SUP001,SKU041,936,2024-07-11,2024-07-09,936,36450.0,RECEIVED,22.0
PO002238,2024-07-09,SUP001,SKU041,1428,2024-08-02,2024-07-30,1428,36450.0,RECEIVED,21.0
PO002239,2024-07-19,SUP001,SKU041,864,2024-08-12,2024-08-09,696,36450.0,PARTIAL,21.0
PO002240,2024-08-06,SUP001,SKU041,1380,2024-08-30,2024-08-31,1380,36450.0,RECEIVED,25.0
PO002241,2024-08-15,SUP001,SKU041,876,2024-09-08,2024-09-14,876,36450.0,RECEIVED,30.0
PO002242,2024-08-30,SUP001,SKU041,1452,2024-09-23,2024-09-20,1452,36450.0,RECEIVED,21.0
PO002243,2024-09-17,SUP001,SKU041,900,2024-10-11,2024-10-08,900,36450.0,RECEIVED,21.0
PO002244,2024-09-23,SUP001,SKU041,1572,2024-10-17,2024-10-15,1572,36450.0,RECEIVED,22.0
PO002245,2024-10-09,SUP001,SKU041,972,2024-11-02,2024-11-06,972,36450.0,RECEIVED,28.0
PO002246,2024-10-12,SUP001,SKU041,1704,2024-11-05,2024-11-09,1704,36450.0,RECEIVED,28.0
PO002247,2024-10-31,SUP001,SKU041,1140,2024-11-24,2024-11-21,1140,36450.0,RECEIVED,21.0
PO002248,2024-11-01,SUP001,SKU041,1944,2024-11-25,2024-11-28,1944,36450.0,RECEIVED,27.0
PO002249,2024-11-24,SUP001,SKU041,1320,2024-12-18,2024-12-19,1320,36450.0,RECEIVED,25.0
PO002250,2024-11-27,SUP001,SKU041,2256,2024-12-21,2024-12-21,2256,36450.0,RECEIVED,24.0
PO002251,2024-12-17,SUP001,SKU041,2472,2025-01-10,2025-01-19,1672,36450.0,PARTIAL,33.0
PO002252,2024-12-18,SUP001,SKU041,1464,2025-01-11,2025-01-08,1464,36450.0,RECEIVED,21.0
PO002253,2025-01-08,SUP001,SKU041,1692,2025-02-01,2025-01-30,1692,36450.0,RECEIVED,22.0
PO002254,2025-01-10,SUP001,SKU041,2736,2025-02-03,2025-02-06,2736,36450.0,RECEIVED,27.0
PO002255,2025-02-06,SUP001,SKU041,1680,2025-03-02,2025-03-07,1680,36450.0,RECEIVED,29.0
PO002256,2025-02-14,SUP001,SKU041,2616,2025-03-10,2025-03-09,2616,36450.0,RECEIVED,23.0
PO002257,2025-03-12,SUP001,SKU041,1584,2025-04-05,,0,36450.0,CANCELLED,
PO002258,2025-03-13,SUP001,SKU041,1728,2025-04-06,2025-04-11,1728,36450.0,RECEIVED,29.0
PO002259,2025-03-17,SUP001,SKU041,2628,2025-04-10,2025-04-07,2628,36450.0,RECEIVED,21.0
PO002260,2025-04-19,SUP001,SKU041,1500,2025-05-13,2025-05-11,1500,36450.0,RECEIVED,22.0
PO002261,2025-04-21,SUP001,SKU041,2448,2025-05-15,2025-05-17,2448,36450.0,RECEIVED,26.0
PO002262,2025-06-20,SUP001,SKU041,1524,2025-07-14,2025-07-12,1524,36450.0,RECEIVED,22.0
PO002263,2025-06-21,SUP001,SKU041,936,2025-07-15,2025-07-13,936,36450.0,RECEIVED,22.0
PO002264,2025-07-22,SUP001,SKU041,852,2025-08-15,2025-08-12,852,36450.0,RECEIVED,21.0
PO002265,2025-07-25,SUP001,SKU041,1464,2025-08-18,2025-08-15,1464,36450.0,RECEIVED,21.0
PO002266,2025-08-14,SUP001,SKU041,912,2025-09-07,2025-09-06,912,36450.0,RECEIVED,23.0
PO002267,2025-08-29,SUP001,SKU041,1452,2025-09-22,2025-09-19,1452,36450.0,RECEIVED,21.0
PO002268,2025-09-10,SUP001,SKU041,948,2025-10-04,2025-10-01,0,36450.0,OPEN,21.0
PO002269,2025-09-29,SUP001,SKU041,1560,2025-10-23,2025-11-02,0,36450.0,OPEN,34.0
PO002270,2023-10-04,SUP009,SKU042,204,2023-10-18,2023-10-19,204,11550.0,RECEIVED,15.0
PO002271,2023-10-05,SUP009,SKU042,288,2023-10-19,2023-10-16,288,11550.0,RECEIVED,11.0
PO002272,2023-10-17,SUP009,SKU042,204,2023-10-31,2023-11-01,204,11550.0,RECEIVED,15.0
PO002273,2023-10-19,SUP009,SKU042,312,2023-11-02,2023-11-01,312,11550.0,RECEIVED,13.0
PO002274,2023-10-31,SUP009,SKU042,408,2023-11-14,2023-11-13,408,11550.0,RECEIVED,13.0
PO002275,2023-10-31,SUP009,SKU042,264,2023-11-14,2023-11-14,264,11550.0,RECEIVED,14.0
PO002276,2023-11-17,SUP009,SKU042,336,2023-12-01,2023-12-01,336,11550.0,RECEIVED,14.0
PO002277,2023-11-19,SUP009,SKU042,204,2023-12-03,2023-12-02,204,11550.0,RECEIVED,13.0
PO002278,2023-12-05,SUP009,SKU042,348,2023-12-19,2023-12-16,348,11550.0,RECEIVED,11.0
PO002279,2023-12-06,SUP009,SKU042,228,2023-12-20,2023-12-17,228,11550.0,RECEIVED,11.0
PO002280,2023-12-20,SUP009,SKU042,348,2024-01-03,2024-01-06,348,11550.0,RECEIVED,17.0
PO002281,2023-12-22,SUP009,SKU042,228,2024-01-05,2024-01-02,228,11550.0,RECEIVED,11.0
PO002282,2024-01-02,SUP009,SKU042,360,2024-01-16,2024-01-13,360,11550.0,RECEIVED,11.0
PO002283,2024-01-08,SUP009,SKU042,216,2024-01-22,2024-01-21,216,11550.0,RECEIVED,13.0
PO002284,2024-01-25,SUP009,SKU042,360,2024-02-08,2024-02-11,360,11550.0,RECEIVED,17.0
PO002285,2024-01-28,SUP009,SKU042,216,2024-02-11,2024-02-09,216,11550.0,RECEIVED,12.0
PO002286,2024-02-15,SUP009,SKU042,348,2024-02-29,2024-03-04,348,11550.0,RECEIVED,18.0
PO002287,2024-02-17,SUP009,SKU042,216,2024-03-02,2024-03-02,216,11550.0,RECEIVED,14.0
PO002288,2024-02-29,SUP009,SKU042,324,2024-03-14,2024-03-17,324,11550.0,RECEIVED,17.0
PO002289,2024-03-05,SUP009,SKU042,204,2024-03-19,2024-03-21,204,11550.0,RECEIVED,16.0
PO002290,2024-03-20,SUP009,SKU042,336,2024-04-03,2024-04-01,336,11550.0,RECEIVED,12.0
PO002291,2024-03-21,SUP009,SKU042,204,2024-04-04,2024-04-01,204,11550.0,RECEIVED,11.0
PO002292,2024-04-05,SUP009,SKU042,324,2024-04-19,2024-04-16,324,11550.0,RECEIVED,11.0
PO002293,2024-04-06,SUP009,SKU042,204,2024-04-20,2024-04-25,204,11550.0,RECEIVED,19.0
PO002294,2024-04-30,SUP009,SKU042,288,2024-05-14,2024-05-15,288,11550.0,RECEIVED,15.0
PO002295,2024-05-01,SUP009,SKU042,204,2024-05-15,2024-05-20,204,11550.0,RECEIVED,19.0
PO002296,2024-05-21,SUP009,SKU042,300,2024-06-04,2024-06-03,300,11550.0,RECEIVED,13.0
PO002297,2024-05-26,SUP009,SKU042,204,2024-06-09,2024-06-06,204,11550.0,RECEIVED,11.0
PO002298,2024-06-11,SUP009,SKU042,264,2024-06-25,2024-06-25,264,11550.0,RECEIVED,14.0
PO002299,2024-06-14,SUP009,SKU042,204,2024-06-28,2024-06-29,122,11550.0,PARTIAL,15.0
PO002300,2024-06-25,SUP009,SKU042,252,2024-07-09,2024-07-06,252,11550.0,RECEIVED,11.0
PO002301,2024-07-02,SUP009,SKU042,204,2024-07-16,2024-07-16,204,11550.0,RECEIVED,14.0
PO002302,2024-07-06,SUP009,SKU042,288,2024-07-20,2024-07-21,288,11550.0,RECEIVED,15.0
PO002303,2024-07-24,SUP009,SKU042,276,2024-08-07,2024-08-06,276,11550.0,RECEIVED,13.0
PO002304,2024-07-26,SUP009,SKU042,204,2024-08-09,2024-08-07,151,11550.0,PARTIAL,12.0
PO002305,2024-08-10,SUP009,SKU042,276,2024-08-24,2024-08-25,276,11550.0,RECEIVED,15.0
PO002306,2024-08-13,SUP009,SKU042,204,2024-08-27,2024-08-24,204,11550.0,RECEIVED,11.0
PO002307,2024-08-22,SUP009,SKU042,312,2024-09-05,2024-09-06,312,11550.0,RECEIVED,15.0
PO002308,2024-08-30,SUP009,SKU042,216,2024-09-13,2024-09-10,216,11550.0,RECEIVED,11.0
PO002309,2024-09-03,SUP009,SKU042,312,2024-09-17,2024-09-14,312,11550.0,RECEIVED,11.0
PO002310,2024-09-16,SUP009,SKU042,324,2024-09-30,2024-09-27,324,11550.0,RECEIVED,11.0
PO002311,2024-09-17,SUP009,SKU042,216,2024-10-01,2024-10-01,216,11550.0,RECEIVED,14.0
PO002312,2024-09-30,SUP009,SKU042,360,2024-10-14,2024-10-16,360,11550.0,RECEIVED,16.0
PO002313,2024-10-11,SUP009,SKU042,216,2024-10-25,2024-10-27,216,11550.0,RECEIVED,16.0
PO002314,2024-10-19,SUP009,SKU042,348,2024-11-02,2024-11-03,348,11550.0,RECEIVED,15.0
PO002315,2024-11-08,SUP009,SKU042,336,2024-11-22,2024-11-20,336,11550.0,RECEIVED,12.0
PO002316,2024-11-10,SUP009,SKU042,204,2024-11-24,2024-11-21,204,11550.0,RECEIVED,11.0
PO002317,2024-11-27,SUP009,SKU042,324,2024-12-11,2024-12-08,324,11550.0,RECEIVED,11.0
PO002318,2024-12-01,SUP009,SKU042,204,2024-12-15,2024-12-17,204,11550.0,RECEIVED,16.0
PO002319,2024-12-10,SUP009,SKU042,336,2024-12-24,2024-12-25,336,11550.0,RECEIVED,15.0
PO002320,2024-12-26,SUP009,SKU042,324,2025-01-09,,0,11550.0,CANCELLED,
PO002321,2024-12-26,SUP009,SKU042,216,2025-01-09,2025-01-17,216,11550.0,RECEIVED,22.0
PO002322,2024-12-27,SUP009,SKU042,348,2025-01-10,2025-01-07,348,11550.0,RECEIVED,11.0
PO002323,2025-01-11,SUP009,SKU042,384,2025-01-25,2025-01-22,384,11550.0,RECEIVED,11.0
PO002324,2025-01-30,SUP009,SKU042,204,2025-02-13,2025-02-12,204,11550.0,RECEIVED,13.0
PO002325,2025-01-31,SUP009,SKU042,324,2025-02-14,2025-02-11,324,11550.0,RECEIVED,11.0
PO002326,2025-02-22,SUP009,SKU042,324,2025-03-08,2025-03-08,324,11550.0,RECEIVED,14.0
PO002327,2025-02-24,SUP009,SKU042,204,2025-03-10,2025-03-14,204,11550.0,RECEIVED,18.0
PO002328,2025-03-04,SUP009,SKU042,348,2025-03-18,2025-03-19,348,11550.0,RECEIVED,15.0
PO002329,2025-03-22,SUP009,SKU042,204,2025-04-05,2025-04-06,204,11550.0,RECEIVED,15.0
PO002330,2025-03-24,SUP009,SKU042,324,2025-04-07,2025-04-13,324,11550.0,RECEIVED,20.0
PO002331,2025-04-10,SUP009,SKU042,324,2025-04-24,2025-05-02,324,11550.0,RECEIVED,22.0
PO002332,2025-04-23,SUP009,SKU042,204,2025-05-07,2025-05-08,204,11550.0,RECEIVED,15.0
PO002333,2025-05-07,SUP009,SKU042,276,2025-05-21,2025-05-18,276,11550.0,RECEIVED,11.0
PO002334,2025-05-24,SUP009,SKU042,204,2025-06-07,2025-06-04,204,11550.0,RECEIVED,11.0
PO002335,2025-05-26,SUP009,SKU042,252,2025-06-09,2025-06-07,252,11550.0,RECEIVED,12.0
PO002336,2025-06-10,SUP009,SKU042,264,2025-06-24,2025-07-02,264,11550.0,RECEIVED,22.0
PO002337,2025-06-19,SUP009,SKU042,204,2025-07-03,2025-06-30,204,11550.0,RECEIVED,11.0
PO002338,2025-06-26,SUP009,SKU042,300,2025-07-10,2025-07-11,300,11550.0,RECEIVED,15.0
PO002339,2025-07-11,SUP009,SKU042,204,2025-07-25,2025-07-25,204,11550.0,RECEIVED,14.0
PO002340,2025-07-15,SUP009,SKU042,276,2025-07-29,2025-07-29,276,11550.0,RECEIVED,14.0
PO002341,2025-08-01,SUP009,SKU042,288,2025-08-15,2025-08-15,161,11550.0,PARTIAL,14.0
PO002342,2025-08-06,SUP009,SKU042,204,2025-08-20,2025-08-21,204,11550.0,RECEIVED,15.0
PO002343,2025-08-15,SUP009,SKU042,300,2025-08-29,2025-08-26,300,11550.0,RECEIVED,11.0
PO002344,2025-09-01,SUP009,SKU042,300,2025-09-15,2025-09-17,300,11550.0,RECEIVED,16.0
PO002345,2025-09-03,SUP009,SKU042,204,2025-09-17,2025-09-17,204,11550.0,RECEIVED,14.0
PO002346,2025-09-22,SUP009,SKU042,336,2025-10-06,2025-10-08,0,11550.0,OPEN,16.0
PO002347,2025-09-27,SUP009,SKU042,204,2025-10-11,2025-10-09,0,11550.0,OPEN,12.0
PO002348,2023-10-13,SUP008,SKU043,336,2023-10-20,2023-10-26,336,20650.0,RECEIVED,13.0
PO002349,2023-10-14,SUP008,SKU043,336,2023-10-21,2023-10-30,336,20650.0,RECEIVED,16.0
PO002350,2023-11-01,SUP008,SKU043,336,2023-11-08,2023-11-10,336,20650.0,RECEIVED,9.0
PO002351,2023-11-06,SUP008,SKU043,336,2023-11-13,2023-11-20,336,20650.0,RECEIVED,14.0
PO002352,2023-11-13,SUP008,SKU043,336,2023-11-20,2023-11-18,336,20650.0,RECEIVED,5.0
PO002353,2023-11-25,SUP008,SKU043,336,2023-12-02,2023-12-04,336,20650.0,RECEIVED,9.0
PO002354,2023-11-29,SUP008,SKU043,336,2023-12-06,2023-12-06,336,20650.0,RECEIVED,7.0
PO002355,2023-12-07,SUP008,SKU043,336,2023-12-14,2023-12-18,336,20650.0,RECEIVED,11.0
PO002356,2023-12-16,SUP008,SKU043,336,2023-12-23,2023-12-24,336,20650.0,RECEIVED,8.0
PO002357,2023-12-19,SUP008,SKU043,336,2023-12-26,2023-12-26,336,20650.0,RECEIVED,7.0
PO002358,2023-12-27,SUP008,SKU043,336,2024-01-03,2024-01-03,336,20650.0,RECEIVED,7.0
PO002359,2023-12-30,SUP008,SKU043,336,2024-01-06,2024-01-06,336,20650.0,RECEIVED,7.0
PO002360,2024-01-04,SUP008,SKU043,336,2024-01-11,2024-01-09,336,20650.0,RECEIVED,5.0
PO002361,2024-01-13,SUP008,SKU043,336,2024-01-20,2024-01-19,336,20650.0,RECEIVED,6.0
PO002362,2024-01-14,SUP008,SKU043,336,2024-01-21,2024-01-27,336,20650.0,RECEIVED,13.0
PO002363,2024-01-24,SUP008,SKU043,336,2024-01-31,2024-01-28,336,20650.0,RECEIVED,4.0
PO002364,2024-02-03,SUP008,SKU043,336,2024-02-10,2024-02-10,336,20650.0,RECEIVED,7.0
PO002365,2024-02-03,SUP008,SKU043,336,2024-02-10,2024-02-10,336,20650.0,RECEIVED,7.0
PO002366,2024-02-14,SUP008,SKU043,336,2024-02-21,2024-02-20,336,20650.0,RECEIVED,6.0
PO002367,2024-02-20,SUP008,SKU043,336,2024-02-27,2024-02-27,336,20650.0,RECEIVED,7.0
PO002368,2024-02-23,SUP008,SKU043,336,2024-03-01,2024-02-29,336,20650.0,RECEIVED,6.0
PO002369,2024-03-05,SUP008,SKU043,336,2024-03-12,,0,20650.0,CANCELLED,
PO002370,2024-03-06,SUP008,SKU043,336,2024-03-13,2024-03-13,336,20650.0,RECEIVED,7.0
PO002371,2024-03-07,SUP008,SKU043,336,2024-03-14,2024-03-13,336,20650.0,RECEIVED,6.0
PO002372,2024-03-15,SUP008,SKU043,336,2024-03-22,2024-03-22,336,20650.0,RECEIVED,7.0
PO002373,2024-03-21,SUP008,SKU043,336,2024-03-28,2024-03-29,336,20650.0,RECEIVED,8.0
PO002374,2024-03-22,SUP008,SKU043,396,2024-03-29,2024-03-28,396,20650.0,RECEIVED,6.0
PO002375,2024-03-29,SUP008,SKU043,336,2024-04-05,2024-04-12,336,20650.0,RECEIVED,14.0
PO002376,2024-04-02,SUP008,SKU043,336,2024-04-09,2024-04-10,336,20650.0,RECEIVED,8.0
PO002377,2024-04-05,SUP008,SKU043,336,2024-04-12,2024-04-12,336,20650.0,RECEIVED,7.0
PO002378,2024-04-13,SUP008,SKU043,336,2024-04-20,2024-04-18,336,20650.0,RECEIVED,5.0
PO002379,2024-04-22,SUP008,SKU043,336,2024-04-29,2024-04-28,336,20650.0,RECEIVED,6.0
PO002380,2024-05-02,SUP008,SKU043,336,2024-05-09,2024-05-07,336,20650.0,RECEIVED,5.0
PO002381,2024-05-03,SUP008,SKU043,336,2024-05-10,2024-05-10,336,20650.0,RECEIVED,7.0
PO002382,2024-05-16,SUP008,SKU043,336,2024-05-23,2024-05-30,336,20650.0,RECEIVED,14.0
PO002383,2024-05-25,SUP008,SKU043,336,2024-06-01,2024-06-04,336,20650.0,RECEIVED,10.0
PO002384,2024-05-31,SUP008,SKU043,336,2024-06-07,2024-06-09,336,20650.0,RECEIVED,9.0
PO002385,2024-06-14,SUP008,SKU043,336,2024-06-21,2024-06-20,336,20650.0,RECEIVED,6.0
PO002386,2024-06-15,SUP008,SKU043,336,2024-06-22,2024-06-23,336,20650.0,RECEIVED,8.0
PO002387,2024-06-26,SUP008,SKU043,336,2024-07-03,2024-07-01,336,20650.0,RECEIVED,5.0
PO002388,2024-07-04,SUP008,SKU043,336,2024-07-11,2024-07-08,336,20650.0,RECEIVED,4.0
PO002389,2024-07-07,SUP008,SKU043,336,2024-07-14,2024-07-15,336,20650.0,RECEIVED,8.0
PO002390,2024-07-19,SUP008,SKU043,336,2024-07-26,2024-07-23,336,20650.0,RECEIVED,4.0
PO002391,2024-07-23,SUP008,SKU043,336,2024-07-30,2024-07-30,336,20650.0,RECEIVED,7.0
PO002392,2024-08-02,SUP008,SKU043,336,2024-08-09,2024-08-07,336,20650.0,RECEIVED,5.0
PO002393,2024-08-14,SUP008,SKU043,336,2024-08-21,2024-08-20,336,20650.0,RECEIVED,6.0
PO002394,2024-08-15,SUP008,SKU043,336,2024-08-22,2024-08-20,336,20650.0,RECEIVED,5.0
PO002395,2024-08-28,SUP008,SKU043,336,2024-09-04,2024-09-05,336,20650.0,RECEIVED,8.0
PO002396,2024-09-04,SUP008,SKU043,336,2024-09-11,2024-09-10,336,20650.0,RECEIVED,6.0
PO002397,2024-09-09,SUP008,SKU043,336,2024-09-16,2024-09-27,336,20650.0,RECEIVED,18.0
PO002398,2024-09-24,SUP008,SKU043,336,2024-10-01,2024-09-28,336,20650.0,RECEIVED,4.0
PO002399,2024-10-01,SUP008,SKU043,336,2024-10-08,2024-10-07,336,20650.0,RECEIVED,6.0
PO002400,2024-10-12,SUP008,SKU043,336,2024-10-19,2024-10-18,336,20650.0,RECEIVED,6.0
PO002401,2024-10-14,SUP008,SKU043,336,2024-10-21,2024-10-23,336,20650.0,RECEIVED,9.0
PO002402,2024-10-24,SUP008,SKU043,336,2024-10-31,2024-10-30,336,20650.0,RECEIVED,6.0
PO002403,2024-11-03,SUP008,SKU043,336,2024-11-10,2024-11-10,336,20650.0,RECEIVED,7.0
PO002404,2024-11-05,SUP008,SKU043,336,2024-11-12,2024-11-19,336,20650.0,RECEIVED,14.0
PO002405,2024-11-19,SUP008,SKU043,336,2024-11-26,2024-11-26,336,20650.0,RECEIVED,7.0
PO002406,2024-11-21,SUP008,SKU043,336,2024-11-28,2024-11-26,336,20650.0,RECEIVED,5.0
PO002407,2024-12-01,SUP008,SKU043,336,2024-12-08,2024-12-06,336,20650.0,RECEIVED,5.0
PO002408,2024-12-05,SUP008,SKU043,336,2024-12-12,2024-12-10,336,20650.0,RECEIVED,5.0
PO002409,2024-12-13,SUP008,SKU043,336,2024-12-20,2024-12-19,336,20650.0,RECEIVED,6.0
PO002410,2024-12-20,SUP008,SKU043,336,2024-12-27,2024-12-28,336,20650.0,RECEIVED,8.0
PO002411,2024-12-22,SUP008,SKU043,336,2024-12-29,2024-12-28,336,20650.0,RECEIVED,6.0
PO002412,2024-12-30,SUP008,SKU043,336,2025-01-06,2025-01-10,336,20650.0,RECEIVED,11.0
PO002413,2025-01-02,SUP008,SKU043,336,2025-01-09,2025-01-10,336,20650.0,RECEIVED,8.0
PO002414,2025-01-10,SUP008,SKU043,336,2025-01-17,2025-01-25,336,20650.0,RECEIVED,15.0
PO002415,2025-01-19,SUP008,SKU043,336,2025-01-26,2025-01-25,336,20650.0,RECEIVED,6.0
PO002416,2025-01-26,SUP008,SKU043,336,2025-02-02,2025-02-03,336,20650.0,RECEIVED,8.0
PO002417,2025-02-04,SUP008,SKU043,336,2025-02-11,2025-02-09,191,20650.0,PARTIAL,5.0
PO002418,2025-02-04,SUP008,SKU043,336,2025-02-11,2025-02-11,176,20650.0,PARTIAL,7.0
PO002419,2025-02-13,SUP008,SKU043,336,2025-02-20,2025-02-21,336,20650.0,RECEIVED,8.0
PO002420,2025-02-20,SUP008,SKU043,336,2025-02-27,2025-02-27,336,20650.0,RECEIVED,7.0
PO002421,2025-02-25,SUP008,SKU043,336,2025-03-04,2025-03-05,336,20650.0,RECEIVED,8.0
PO002422,2025-03-07,SUP008,SKU043,336,2025-03-14,2025-03-13,336,20650.0,RECEIVED,6.0
PO002423,2025-03-07,SUP008,SKU043,336,2025-03-14,2025-03-16,336,20650.0,RECEIVED,9.0
PO002424,2025-03-14,SUP008,SKU043,360,2025-03-21,2025-03-23,360,20650.0,RECEIVED,9.0
PO002425,2025-03-24,SUP008,SKU043,336,2025-03-31,2025-04-05,336,20650.0,RECEIVED,12.0
PO002426,2025-03-25,SUP008,SKU043,696,2025-04-01,2025-04-01,696,20650.0,RECEIVED,7.0
PO002427,2025-04-11,SUP008,SKU043,396,2025-04-18,2025-04-17,396,20650.0,RECEIVED,6.0
PO002428,2025-04-15,SUP008,SKU043,336,2025-04-22,2025-04-22,336,20650.0,RECEIVED,7.0
PO002429,2025-04-24,SUP008,SKU043,384,2025-05-01,2025-04-30,384,20650.0,RECEIVED,6.0
PO002430,2025-05-03,SUP008,SKU043,336,2025-05-10,2025-05-08,336,20650.0,RECEIVED,5.0
PO002431,2025-05-07,SUP008,SKU043,336,2025-05-14,2025-05-14,336,20650.0,RECEIVED,7.0
PO002432,2025-05-23,SUP008,SKU043,336,2025-05-30,2025-05-28,336,20650.0,RECEIVED,5.0
PO002433,2025-05-30,SUP008,SKU043,336,2025-06-06,2025-06-13,336,20650.0,RECEIVED,14.0
PO002434,2025-06-02,SUP008,SKU043,336,2025-06-09,2025-06-07,336,20650.0,RECEIVED,5.0
PO002435,2025-06-18,SUP008,SKU043,336,2025-06-25,2025-06-25,336,20650.0,RECEIVED,7.0
PO002436,2025-06-30,SUP008,SKU043,336,2025-07-07,2025-07-06,336,20650.0,RECEIVED,6.0
PO002437,2025-07-01,SUP008,SKU043,336,2025-07-08,2025-07-10,336,20650.0,RECEIVED,9.0
PO002438,2025-07-16,SUP008,SKU043,336,2025-07-23,2025-07-23,336,20650.0,RECEIVED,7.0
PO002439,2025-07-24,SUP008,SKU043,336,2025-07-31,2025-07-31,336,20650.0,RECEIVED,7.0
PO002440,2025-08-01,SUP008,SKU043,336,2025-08-08,2025-08-07,336,20650.0,RECEIVED,6.0
PO002441,2025-08-17,SUP008,SKU043,336,2025-08-24,2025-08-23,336,20650.0,RECEIVED,6.0
PO002442,2025-09-01,SUP008,SKU043,336,2025-09-08,2025-09-08,336,20650.0,RECEIVED,7.0
PO002443,2025-09-18,SUP008,SKU043,336,2025-09-25,2025-09-25,336,20650.0,RECEIVED,7.0
PO002444,2023-10-02,SUP005,SKU044,144,2023-10-27,2023-10-27,144,5800.0,RECEIVED,25.0
PO002445,2023-10-02,SUP005,SKU044,102,2023-10-27,2023-10-24,102,5800.0,RECEIVED,22.0
PO002446,2023-10-31,SUP005,SKU044,138,2023-11-25,2023-12-07,138,5800.0,RECEIVED,37.0
PO002447,2023-11-04,SUP005,SKU044,84,2023-11-29,2023-11-28,84,5800.0,RECEIVED,24.0
PO002448,2023-12-05,SUP005,SKU044,84,2023-12-30,2023-12-30,84,5800.0,RECEIVED,25.0
PO002449,2023-12-09,SUP005,SKU044,132,2024-01-03,2023-12-31,132,5800.0,RECEIVED,22.0
PO002450,2023-12-29,SUP005,SKU044,144,2024-01-23,2024-01-25,144,5800.0,RECEIVED,27.0
PO002451,2023-12-30,SUP005,SKU044,90,2024-01-24,2024-01-31,90,5800.0,RECEIVED,32.0
PO002452,2024-01-19,SUP005,SKU044,96,2024-02-13,2024-02-13,96,5800.0,RECEIVED,25.0
PO002453,2024-01-20,SUP005,SKU044,156,2024-02-14,2024-02-11,156,5800.0,RECEIVED,22.0
PO002454,2024-02-20,SUP005,SKU044,186,2024-03-16,2024-03-15,186,5800.0,RECEIVED,24.0
PO002455,2024-02-21,SUP005,SKU044,102,2024-03-17,2024-03-15,102,5800.0,RECEIVED,23.0
PO002456,2024-03-18,SUP005,SKU044,168,2024-04-12,2024-04-09,168,5800.0,RECEIVED,22.0
PO002457,2024-03-20,SUP005,SKU044,102,2024-04-14,2024-04-16,102,5800.0,RECEIVED,27.0
PO002458,2024-04-03,SUP005,SKU044,198,2024-04-28,2024-04-25,198,5800.0,RECEIVED,22.0
PO002459,2024-04-04,SUP005,SKU044,120,2024-04-29,2024-04-29,120,5800.0,RECEIVED,25.0
PO002460,2024-05-06,SUP005,SKU044,198,2024-05-31,2024-06-05,198,5800.0,RECEIVED,30.0
PO002461,2024-05-16,SUP005,SKU044,120,2024-06-10,2024-06-10,120,5800.0,RECEIVED,25.0
PO002462,2024-06-20,SUP005,SKU044,168,2024-07-15,2024-07-12,168,5800.0,RECEIVED,22.0
PO002463,2024-06-29,SUP005,SKU044,96,2024-07-24,2024-07-26,96,5800.0,RECEIVED,27.0
PO002464,2024-07-20,SUP005,SKU044,162,2024-08-14,2024-08-19,162,5800.0,RECEIVED,30.0
PO002465,2024-07-29,SUP005,SKU044,96,2024-08-23,2024-08-23,96,5800.0,RECEIVED,25.0
PO002466,2024-08-16,SUP005,SKU044,162,2024-09-10,2024-09-07,162,5800.0,RECEIVED,22.0
PO002467,2024-08-21,SUP005,SKU044,102,2024-09-15,2024-09-17,102,5800.0,RECEIVED,27.0
PO002468,2024-09-26,SUP005,SKU044,150,2024-10-21,2024-10-28,150,5800.0,RECEIVED,32.0
PO002469,2024-10-01,SUP005,SKU044,90,2024-10-26,2024-10-30,90,5800.0,RECEIVED,29.0
PO002470,2024-11-04,SUP005,SKU044,132,2024-11-29,2024-11-26,132,5800.0,RECEIVED,22.0
PO002471,2024-11-11,SUP005,SKU044,78,2024-12-06,2024-12-05,78,5800.0,RECEIVED,24.0
PO002472,2024-11-25,SUP005,SKU044,150,2024-12-20,2024-12-17,150,5800.0,RECEIVED,22.0
PO002473,2024-11-28,SUP005,SKU044,102,2024-12-23,2024-12-20,102,5800.0,RECEIVED,22.0
PO002474,2024-12-19,SUP005,SKU044,150,2025-01-13,2025-01-19,150,5800.0,RECEIVED,31.0
PO002475,2024-12-24,SUP005,SKU044,102,2025-01-18,2025-01-20,102,5800.0,RECEIVED,27.0
PO002476,2025-01-08,SUP005,SKU044,174,2025-02-02,2025-02-07,174,5800.0,RECEIVED,30.0
PO002477,2025-01-29,SUP005,SKU044,96,2025-02-23,2025-02-24,96,5800.0,RECEIVED,26.0
PO002478,2025-02-20,SUP005,SKU044,156,2025-03-17,2025-03-14,156,5800.0,RECEIVED,22.0
PO002479,2025-02-28,SUP005,SKU044,96,2025-03-25,2025-04-02,96,5800.0,RECEIVED,33.0
PO002480,2025-03-14,SUP005,SKU044,168,2025-04-08,2025-04-05,168,5800.0,RECEIVED,22.0
PO002481,2025-03-18,SUP005,SKU044,108,2025-04-12,2025-04-15,108,5800.0,RECEIVED,28.0
PO002482,2025-03-31,SUP005,SKU044,198,2025-04-25,2025-04-29,198,5800.0,RECEIVED,29.0
PO002483,2025-04-30,SUP005,SKU044,114,2025-05-25,2025-05-25,114,5800.0,RECEIVED,25.0
PO002484,2025-05-09,SUP005,SKU044,180,2025-06-03,2025-06-12,180,5800.0,RECEIVED,34.0
PO002485,2025-06-09,SUP005,SKU044,96,2025-07-04,2025-07-06,96,5800.0,RECEIVED,27.0
PO002486,2025-06-18,SUP005,SKU044,150,2025-07-13,2025-07-16,150,5800.0,RECEIVED,28.0
PO002487,2025-07-07,SUP005,SKU044,96,2025-08-01,2025-08-14,96,5800.0,RECEIVED,38.0
PO002488,2025-07-16,SUP005,SKU044,156,2025-08-10,2025-08-07,156,5800.0,RECEIVED,22.0
PO002489,2025-08-16,SUP005,SKU044,144,2025-09-10,2025-09-13,144,5800.0,RECEIVED,28.0
PO002490,2025-08-16,SUP005,SKU044,90,2025-09-10,2025-09-14,90,5800.0,RECEIVED,29.0
PO002491,2025-09-20,SUP005,SKU044,132,2025-10-15,2025-10-16,0,5800.0,OPEN,26.0
PO002492,2025-09-21,SUP005,SKU044,84,2025-10-16,2025-10-13,0,5800.0,OPEN,22.0
PO002493,2023-10-02,SUP001,SKU045,816,2023-10-25,2023-10-25,816,40850.0,RECEIVED,23.0
PO002494,2023-10-02,SUP001,SKU045,528,2023-10-25,2023-10-25,528,40850.0,RECEIVED,23.0
PO002495,2023-10-26,SUP001,SKU045,768,2023-11-18,2023-11-23,768,40850.0,RECEIVED,28.0
PO002496,2023-10-27,SUP001,SKU045,456,2023-11-19,2023-11-19,326,40850.0,PARTIAL,23.0
PO002497,2023-11-15,SUP001,SKU045,792,2023-12-08,2023-12-10,792,40850.0,RECEIVED,25.0
PO002498,2023-11-17,SUP001,SKU045,504,2023-12-10,2023-12-10,504,40850.0,RECEIVED,23.0
PO002499,2023-12-14,SUP001,SKU045,840,2024-01-06,2024-01-03,840,40850.0,RECEIVED,20.0
PO002500,2023-12-15,SUP001,SKU045,504,2024-01-07,2024-01-11,504,40850.0,RECEIVED,27.0
PO002501,2024-01-03,SUP001,SKU045,888,2024-01-26,2024-01-30,888,40850.0,RECEIVED,27.0
PO002502,2024-01-16,SUP001,SKU045,528,2024-02-08,2024-02-05,528,40850.0,RECEIVED,20.0
PO002503,2024-02-08,SUP001,SKU045,816,2024-03-02,2024-02-28,816,40850.0,RECEIVED,20.0
PO002504,2024-02-24,SUP001,SKU045,456,2024-03-18,2024-03-18,456,40850.0,RECEIVED,23.0
PO002505,2024-03-11,SUP001,SKU045,768,2024-04-03,2024-04-02,768,40850.0,RECEIVED,22.0
PO002506,2024-03-24,SUP001,SKU045,432,2024-04-16,2024-04-20,432,40850.0,RECEIVED,27.0
PO002507,2024-03-31,SUP001,SKU045,744,2024-04-23,2024-04-21,744,40850.0,RECEIVED,21.0
PO002508,2024-04-20,SUP001,SKU045,504,2024-05-13,2024-05-16,504,40850.0,RECEIVED,26.0
PO002509,2024-04-27,SUP001,SKU045,792,2024-05-20,2024-05-21,792,40850.0,RECEIVED,24.0
PO002510,2024-06-11,SUP001,SKU045,384,2024-07-04,2024-07-06,384,40850.0,RECEIVED,25.0
PO002511,2024-06-15,SUP001,SKU045,600,2024-07-08,2024-07-09,600,40850.0,RECEIVED,24.0
PO002512,2024-07-08,SUP001,SKU045,600,2024-07-31,2024-07-31,600,40850.0,RECEIVED,23.0
PO002513,2024-07-16,SUP001,SKU045,360,2024-08-08,2024-08-12,360,40850.0,RECEIVED,27.0
PO002514,2024-07-29,SUP001,SKU045,672,2024-08-21,2024-08-18,672,40850.0,RECEIVED,20.0
PO002515,2024-08-19,SUP001,SKU045,384,2024-09-11,2024-09-10,384,40850.0,RECEIVED,22.0
PO002516,2024-08-26,SUP001,SKU045,696,2024-09-18,2024-09-17,696,40850.0,RECEIVED,22.0
PO002517,2024-09-13,SUP001,SKU045,456,2024-10-06,2024-10-05,456,40850.0,RECEIVED,22.0
PO002518,2024-09-16,SUP001,SKU045,720,2024-10-09,2024-10-06,720,40850.0,RECEIVED,20.0
PO002519,2024-10-10,SUP001,SKU045,744,2024-11-02,2024-10-30,744,40850.0,RECEIVED,20.0
PO002520,2024-10-10,SUP001,SKU045,456,2024-11-02,2024-11-04,456,40850.0,RECEIVED,25.0
PO002521,2024-10-31,SUP001,SKU045,1104,2024-11-23,2024-11-27,1104,40850.0,RECEIVED,27.0
PO002522,2024-11-01,SUP001,SKU045,528,2024-11-24,2024-11-26,528,40850.0,RECEIVED,25.0
PO002523,2024-12-02,SUP001,SKU045,864,2024-12-25,2024-12-22,864,40850.0,RECEIVED,20.0
PO002524,2024-12-02,SUP001,SKU045,528,2024-12-25,2024-12-26,528,40850.0,RECEIVED,24.0
PO002525,2024-12-28,SUP001,SKU045,888,2025-01-20,2025-01-17,888,40850.0,RECEIVED,20.0
PO002526,2024-12-31,SUP001,SKU045,504,2025-01-23,2025-01-29,504,40850.0,RECEIVED,29.0
PO002527,2025-01-30,SUP001,SKU045,816,2025-02-22,2025-02-25,816,40850.0,RECEIVED,26.0
PO002528,2025-02-07,SUP001,SKU045,480,2025-03-02,2025-02-27,480,40850.0,RECEIVED,20.0
PO002529,2025-03-12,SUP001,SKU045,672,2025-04-04,2025-04-05,672,40850.0,RECEIVED,24.0
PO002530,2025-03-14,SUP001,SKU045,432,2025-04-06,2025-04-03,432,40850.0,RECEIVED,20.0
PO002531,2025-04-03,SUP001,SKU045,744,2025-04-26,2025-05-01,744,40850.0,RECEIVED,28.0
PO002532,2025-04-12,SUP001,SKU045,432,2025-05-05,2025-05-11,432,40850.0,RECEIVED,29.0
PO002533,2025-05-03,SUP001,SKU045,672,2025-05-26,2025-05-29,672,40850.0,RECEIVED,26.0
PO002534,2025-05-20,SUP001,SKU045,384,2025-06-12,2025-06-20,384,40850.0,RECEIVED,31.0
PO002535,2025-06-06,SUP001,SKU045,624,2025-06-29,2025-06-27,624,40850.0,RECEIVED,21.0
PO002536,2025-07-05,SUP001,SKU045,336,2025-07-28,2025-07-30,336,40850.0,RECEIVED,25.0
PO002537,2025-07-10,SUP001,SKU045,552,2025-08-02,2025-07-30,552,40850.0,RECEIVED,20.0
PO002538,2025-07-26,SUP001,SKU045,624,2025-08-18,2025-08-19,624,40850.0,RECEIVED,24.0
PO002539,2025-08-02,SUP001,SKU045,408,2025-08-25,2025-08-25,408,40850.0,RECEIVED,23.0
PO002540,2025-08-14,SUP001,SKU045,672,2025-09-06,2025-09-04,672,40850.0,RECEIVED,21.0
PO002541,2025-08-28,SUP001,SKU045,456,2025-09-20,2025-09-18,456,40850.0,RECEIVED,21.0
PO002542,2025-09-05,SUP001,SKU045,792,2025-09-28,2025-09-26,792,40850.0,RECEIVED,21.0
PO002543,2025-09-23,SUP001,SKU045,552,2025-10-16,2025-10-21,0,40850.0,OPEN,28.0
PO002544,2023-10-05,SUP002,SKU046,384,2023-10-14,2023-10-13,384,33800.0,RECEIVED,8.0
PO002545,2023-10-12,SUP002,SKU046,384,2023-10-21,2023-10-21,384,33800.0,RECEIVED,9.0
PO002546,2024-04-17,SUP002,SKU046,384,2024-04-26,2024-04-23,384,33800.0,RECEIVED,6.0
PO002547,2024-08-29,SUP002,SKU046,384,2024-09-07,2024-09-07,384,33800.0,RECEIVED,9.0
PO002548,2024-10-17,SUP002,SKU046,384,2024-10-26,2024-10-28,384,33800.0,RECEIVED,11.0
PO002549,2025-04-18,SUP002,SKU046,384,2025-04-27,2025-04-26,384,33800.0,RECEIVED,8.0
PO002550,2025-07-10,SUP002,SKU046,384,2025-07-19,2025-07-18,384,33800.0,RECEIVED,8.0
PO002551,2023-10-18,SUP002,SKU047,192,2023-10-23,2023-10-22,192,23500.0,RECEIVED,4.0
PO002552,2023-10-18,SUP002,SKU047,192,2023-10-23,2023-10-23,142,23500.0,PARTIAL,5.0
PO002553,2023-11-21,SUP002,SKU047,192,2023-11-26,2023-11-26,192,23500.0,RECEIVED,5.0
PO002554,2023-12-20,SUP002,SKU047,192,2023-12-25,2023-12-26,192,23500.0,RECEIVED,6.0
PO002555,2024-01-12,SUP002,SKU047,192,2024-01-17,2024-01-18,192,23500.0,RECEIVED,6.0
PO002556,2024-02-07,SUP002,SKU047,192,2024-02-12,2024-02-15,192,23500.0,RECEIVED,8.0
PO002557,2024-03-02,SUP002,SKU047,192,2024-03-07,2024-03-14,192,23500.0,RECEIVED,12.0
PO002558,2024-03-25,SUP002,SKU047,192,2024-03-30,2024-03-27,192,23500.0,RECEIVED,2.0
PO002559,2024-04-08,SUP002,SKU047,192,2024-04-13,2024-04-14,192,23500.0,RECEIVED,6.0
PO002560,2024-04-26,SUP002,SKU047,192,2024-05-01,2024-05-01,192,23500.0,RECEIVED,5.0
PO002561,2024-05-17,SUP002,SKU047,192,2024-05-22,2024-05-22,192,23500.0,RECEIVED,5.0
PO002562,2024-06-06,SUP002,SKU047,192,2024-06-11,2024-06-11,192,23500.0,RECEIVED,5.0
PO002563,2024-06-29,SUP002,SKU047,192,2024-07-04,2024-07-03,192,23500.0,RECEIVED,4.0
PO002564,2024-07-25,SUP002,SKU047,192,2024-07-30,2024-07-30,192,23500.0,RECEIVED,5.0
PO002565,2024-08-25,SUP002,SKU047,192,2024-08-30,2024-08-31,192,23500.0,RECEIVED,6.0
PO002566,2024-09-30,SUP002,SKU047,192,2024-10-05,2024-10-03,192,23500.0,RECEIVED,3.0
PO002567,2024-11-06,SUP002,SKU047,192,2024-11-11,2024-11-09,192,23500.0,RECEIVED,3.0
PO002568,2024-12-09,SUP002,SKU047,192,2024-12-14,2024-12-13,192,23500.0,RECEIVED,4.0
PO002569,2024-12-30,SUP002,SKU047,192,2025-01-04,2025-01-03,192,23500.0,RECEIVED,4.0
PO002570,2025-01-23,SUP002,SKU047,192,2025-01-28,2025-01-29,192,23500.0,RECEIVED,6.0
PO002571,2025-02-16,SUP002,SKU047,192,2025-02-21,2025-02-20,192,23500.0,RECEIVED,4.0
PO002572,2025-03-06,SUP002,SKU047,192,2025-03-11,2025-03-09,192,23500.0,RECEIVED,3.0
PO002573,2025-03-20,SUP002,SKU047,192,2025-03-25,2025-03-24,192,23500.0,RECEIVED,4.0
PO002574,2025-04-06,SUP002,SKU047,192,2025-04-11,2025-04-11,192,23500.0,RECEIVED,5.0
PO002575,2025-04-27,SUP002,SKU047,192,2025-05-02,2025-05-02,192,23500.0,RECEIVED,5.0
PO002576,2025-05-20,SUP002,SKU047,192,2025-05-25,2025-05-24,192,23500.0,RECEIVED,4.0
PO002577,2025-06-07,SUP002,SKU047,192,2025-06-12,2025-06-12,192,23500.0,RECEIVED,5.0
PO002578,2025-07-01,SUP002,SKU047,192,2025-07-06,2025-07-07,192,23500.0,RECEIVED,6.0
PO002579,2025-07-30,SUP002,SKU047,192,2025-08-04,2025-08-06,192,23500.0,RECEIVED,7.0
PO002580,2025-08-30,SUP002,SKU047,192,2025-09-04,2025-09-04,192,23500.0,RECEIVED,5.0
PO002581,2023-10-13,SUP012,SKU048,192,2023-10-16,2023-10-15,192,15800.0,RECEIVED,2.0
PO002582,2023-10-14,SUP012,SKU048,192,2023-10-17,2023-10-17,192,15800.0,RECEIVED,3.0
PO002583,2023-11-09,SUP012,SKU048,192,2023-11-12,2023-11-12,192,15800.0,RECEIVED,
PO002584,2023-11-24,SUP012,SKU048,192,2023-11-27,2023-11-28,192,15800.0,RECEIVED,4.0
PO002585,2023-12-02,SUP012,SKU048,192,2023-12-05,2023-12-04,192,15800.0,RECEIVED,2.0
PO002586,2023-12-25,SUP012,SKU048,192,2023-12-28,,0,15800.0,CANCELLED,
PO002587,2023-12-26,SUP012,SKU048,192,2023-12-29,2023-12-27,192,15800.0,RECEIVED,1.0
PO002588,2023-12-30,SUP012,SKU048,192,2024-01-02,2024-01-02,192,15800.0,RECEIVED,3.0
PO002589,2024-01-17,SUP012,SKU048,192,2024-01-20,2024-01-19,192,15800.0,RECEIVED,2.0
PO002590,2024-02-11,SUP012,SKU048,192,2024-02-14,2024-02-12,192,15800.0,RECEIVED,1.0
PO002591,2024-02-15,SUP012,SKU048,192,2024-02-18,2024-02-27,192,15800.0,RECEIVED,12.0
PO002592,2024-03-16,SUP012,SKU048,192,2024-03-19,2024-03-26,192,15800.0,RECEIVED,10.0
PO002593,2024-03-22,SUP012,SKU048,192,2024-03-25,2024-03-24,192,15800.0,RECEIVED,2.0
PO002594,2024-04-13,SUP012,SKU048,192,2024-04-16,2024-04-14,124,15800.0,PARTIAL,1.0
PO002595,2024-05-04,SUP012,SKU048,192,2024-05-07,2024-05-05,192,15800.0,RECEIVED,1.0
PO002596,2024-06-15,SUP012,SKU048,192,2024-06-18,2024-06-17,192,15800.0,RECEIVED,2.0
PO002597,2024-07-25,SUP012,SKU048,192,2024-07-28,2024-07-27,192,15800.0,RECEIVED,2.0
PO002598,2024-08-25,SUP012,SKU048,192,2024-08-28,2024-08-29,192,15800.0,RECEIVED,4.0
PO002599,2024-10-01,SUP012,SKU048,192,2024-10-04,2024-10-05,192,15800.0,RECEIVED,4.0
PO002600,2024-11-08,SUP012,SKU048,192,2024-11-11,2024-11-10,192,15800.0,RECEIVED,2.0
PO002601,2024-12-18,SUP012,SKU048,192,2024-12-21,2024-12-20,192,15800.0,RECEIVED,2.0
PO002602,2025-01-24,SUP012,SKU048,192,2025-01-27,2025-01-26,192,15800.0,RECEIVED,2.0
PO002603,2025-03-13,SUP012,SKU048,192,2025-03-16,2025-03-16,192,15800.0,RECEIVED,3.0
PO002604,2025-04-22,SUP012,SKU048,192,2025-04-25,2025-04-25,192,15800.0,RECEIVED,3.0
PO002605,2025-06-07,SUP012,SKU048,192,2025-06-10,2025-06-11,192,15800.0,RECEIVED,4.0
PO002606,2025-07-11,SUP012,SKU048,192,2025-07-14,2025-07-14,192,15800.0,RECEIVED,3.0
PO002607,2025-08-11,SUP012,SKU048,192,2025-08-14,2025-08-13,192,15800.0,RECEIVED,2.0
PO002608,2025-09-19,SUP012,SKU048,192,2025-09-22,2025-09-21,192,15800.0,RECEIVED,2.0
PO002609,2023-10-13,SUP008,SKU049,528,2023-10-21,2023-10-21,528,7550.0,RECEIVED,8.0
PO002610,2023-10-18,SUP008,SKU049,528,2023-10-26,2023-10-24,528,7550.0,RECEIVED,6.0
PO002611,2023-11-18,SUP008,SKU049,528,2023-11-26,2023-12-03,528,7550.0,RECEIVED,15.0
PO002612,2023-12-05,SUP008,SKU049,528,2023-12-13,2023-12-12,528,7550.0,RECEIVED,7.0
PO002613,2023-12-20,SUP008,SKU049,528,2023-12-28,2023-12-26,528,7550.0,RECEIVED,6.0
PO002614,2024-01-12,SUP008,SKU049,528,2024-01-20,2024-01-19,528,7550.0,RECEIVED,7.0
PO002615,2024-01-15,SUP008,SKU049,528,2024-01-23,2024-01-21,528,7550.0,RECEIVED,6.0
PO002616,2024-02-07,SUP008,SKU049,528,2024-02-15,2024-02-13,528,7550.0,RECEIVED,6.0
PO002617,2024-02-27,SUP008,SKU049,528,2024-03-06,2024-03-04,528,7550.0,RECEIVED,6.0
PO002618,2024-03-05,SUP008,SKU049,528,2024-03-13,2024-03-12,528,7550.0,RECEIVED,7.0
PO002619,2024-03-23,SUP008,SKU049,528,2024-03-31,2024-04-01,528,7550.0,RECEIVED,9.0
PO002620,2024-03-30,SUP008,SKU049,528,2024-04-07,2024-04-04,528,7550.0,RECEIVED,5.0
PO002621,2024-04-09,SUP008,SKU049,528,2024-04-17,2024-04-19,528,7550.0,RECEIVED,10.0
PO002622,2024-05-08,SUP008,SKU049,528,2024-05-16,,0,7550.0,CANCELLED,
PO002623,2024-05-09,SUP008,SKU049,528,2024-05-17,2024-05-18,528,7550.0,RECEIVED,9.0
PO002624,2024-05-15,SUP008,SKU049,528,2024-05-23,2024-05-24,528,7550.0,RECEIVED,9.0
PO002625,2024-06-20,SUP008,SKU049,528,2024-06-28,2024-06-30,528,7550.0,RECEIVED,10.0
PO002626,2024-07-01,SUP008,SKU049,528,2024-07-09,2024-07-06,528,7550.0,RECEIVED,5.0
PO002627,2024-07-25,SUP008,SKU049,528,2024-08-02,2024-07-31,528,7550.0,RECEIVED,6.0
PO002628,2024-08-30,SUP008,SKU049,528,2024-09-07,2024-09-14,528,7550.0,RECEIVED,15.0
PO002629,2024-08-31,SUP008,SKU049,528,2024-09-08,2024-09-18,528,7550.0,RECEIVED,18.0
PO002630,2024-10-13,SUP008,SKU049,528,2024-10-21,2024-10-23,528,7550.0,RECEIVED,10.0
PO002631,2024-11-01,SUP008,SKU049,528,2024-11-09,2024-11-07,528,7550.0,RECEIVED,6.0
PO002632,2024-11-14,SUP008,SKU049,528,2024-11-22,2024-11-21,528,7550.0,RECEIVED,7.0
PO002633,2024-12-15,SUP008,SKU049,528,2024-12-23,2024-12-24,528,7550.0,RECEIVED,9.0
PO002634,2024-12-18,SUP008,SKU049,528,2024-12-26,2024-12-27,528,7550.0,RECEIVED,9.0
PO002635,2025-01-06,SUP008,SKU049,528,2025-01-14,2025-01-15,528,7550.0,RECEIVED,9.0
PO002636,2025-01-28,SUP008,SKU049,528,2025-02-05,2025-02-04,426,7550.0,PARTIAL,7.0
PO002637,2025-02-03,SUP008,SKU049,528,2025-02-11,2025-02-12,528,7550.0,RECEIVED,9.0
PO002638,2025-02-22,SUP008,SKU049,528,2025-03-02,2025-03-03,528,7550.0,RECEIVED,9.0
PO002639,2025-03-02,SUP008,SKU049,528,2025-03-10,2025-03-10,528,7550.0,RECEIVED,8.0
PO002640,2025-03-15,SUP008,SKU049,528,2025-03-23,2025-03-21,528,7550.0,RECEIVED,6.0
PO002641,2025-04-02,SUP008,SKU049,528,2025-04-10,2025-04-08,528,7550.0,RECEIVED,6.0
PO002642,2025-04-07,SUP008,SKU049,528,2025-04-15,2025-04-16,528,7550.0,RECEIVED,9.0
PO002643,2025-05-01,SUP008,SKU049,528,2025-05-09,2025-05-10,528,7550.0,RECEIVED,9.0
PO002644,2025-05-26,SUP008,SKU049,528,2025-06-03,2025-06-07,528,7550.0,RECEIVED,12.0
PO002645,2025-06-01,SUP008,SKU049,528,2025-06-09,2025-06-18,528,7550.0,RECEIVED,17.0
PO002646,2025-07-10,SUP008,SKU049,528,2025-07-18,2025-07-16,528,7550.0,RECEIVED,6.0
PO002647,2025-07-30,SUP008,SKU049,528,2025-08-07,2025-08-05,528,7550.0,RECEIVED,6.0
PO002648,2025-08-13,SUP008,SKU049,528,2025-08-21,2025-08-21,528,7550.0,RECEIVED,8.0
PO002649,2025-09-19,SUP008,SKU049,528,2025-09-27,2025-09-24,528,7550.0,RECEIVED,5.0
PO002650,2023-10-04,SUP005,SKU050,66,2023-10-27,2023-10-24,66,23750.0,RECEIVED,20.0
PO002651,2023-10-06,SUP005,SKU050,66,2023-10-29,2023-11-13,66,23750.0,RECEIVED,38.0
PO002652,2023-11-06,SUP005,SKU050,66,2023-11-29,2023-11-27,66,23750.0,RECEIVED,21.0
PO002653,2023-12-08,SUP005,SKU050,66,2023-12-31,2024-01-06,66,23750.0,RECEIVED,29.0
PO002654,2023-12-10,SUP005,SKU050,66,2024-01-02,2024-01-04,66,23750.0,RECEIVED,25.0
PO002655,2024-01-05,SUP005,SKU050,66,2024-01-28,2024-01-25,66,23750.0,RECEIVED,20.0
PO002656,2024-01-18,SUP005,SKU050,66,2024-02-10,2024-02-13,66,23750.0,RECEIVED,26.0
PO002657,2024-01-30,SUP005,SKU050,72,2024-02-22,2024-02-27,72,23750.0,RECEIVED,28.0
PO002658,2024-02-21,SUP005,SKU050,78,2024-03-15,2024-03-14,78,23750.0,RECEIVED,22.0
PO002659,2024-02-24,SUP005,SKU050,66,2024-03-18,2024-03-15,66,23750.0,RECEIVED,20.0
PO002660,2024-03-17,SUP005,SKU050,78,2024-04-09,2024-04-08,78,23750.0,RECEIVED,22.0
PO002661,2024-03-23,SUP005,SKU050,66,2024-04-15,2024-04-13,66,23750.0,RECEIVED,21.0
PO002662,2024-04-04,SUP005,SKU050,90,2024-04-27,2024-05-02,90,23750.0,RECEIVED,28.0
PO002663,2024-04-20,SUP005,SKU050,66,2024-05-13,2024-05-10,66,23750.0,RECEIVED,20.0
PO002664,2024-04-30,SUP005,SKU050,96,2024-05-23,2024-05-20,96,23750.0,RECEIVED,20.0
PO002665,2024-06-11,SUP005,SKU050,66,2024-07-04,2024-07-08,66,23750.0,RECEIVED,27.0
PO002666,2024-07-02,SUP005,SKU050,66,2024-07-25,2024-07-24,66,23750.0,RECEIVED,22.0
PO002667,2024-08-10,SUP005,SKU050,66,2024-09-02,2024-08-30,66,23750.0,RECEIVED,20.0
PO002668,2024-08-22,SUP005,SKU050,66,2024-09-14,2024-09-13,66,23750.0,RECEIVED,22.0
PO002669,2024-09-21,SUP005,SKU050,66,2024-10-14,2024-10-17,66,23750.0,RECEIVED,26.0
PO002670,2024-10-29,SUP005,SKU050,66,2024-11-21,2024-11-21,66,23750.0,RECEIVED,23.0
PO002671,2024-11-01,SUP005,SKU050,66,2024-11-24,2024-11-24,66,23750.0,RECEIVED,23.0
PO002672,2024-11-26,SUP005,SKU050,66,2024-12-19,2024-12-25,66,23750.0,RECEIVED,29.0
PO002673,2024-12-20,SUP005,SKU050,66,2025-01-12,2025-01-16,66,23750.0,RECEIVED,27.0
PO002674,2024-12-26,SUP005,SKU050,66,2025-01-18,2025-02-07,66,23750.0,RECEIVED,43.0
PO002675,2025-01-31,SUP005,SKU050,66,2025-02-23,2025-02-26,66,23750.0,RECEIVED,26.0
PO002676,2025-02-05,SUP005,SKU050,66,2025-02-28,2025-02-25,66,23750.0,RECEIVED,20.0
PO002677,2025-02-22,SUP005,SKU050,78,2025-03-17,2025-03-19,78,23750.0,RECEIVED,25.0
PO002678,2025-03-04,SUP005,SKU050,66,2025-03-27,2025-04-01,66,23750.0,RECEIVED,28.0
PO002679,2025-03-12,SUP005,SKU050,84,2025-04-04,2025-04-03,84,23750.0,RECEIVED,22.0
PO002680,2025-04-05,SUP005,SKU050,66,2025-04-28,2025-04-30,66,23750.0,RECEIVED,25.0
PO002681,2025-04-08,SUP005,SKU050,102,2025-05-01,2025-05-01,102,23750.0,RECEIVED,23.0
PO002682,2025-05-22,SUP005,SKU050,66,2025-06-14,2025-06-17,66,23750.0,RECEIVED,26.0
PO002683,2025-05-28,SUP005,SKU050,72,2025-06-20,2025-06-17,72,23750.0,RECEIVED,20.0
PO002684,2025-07-03,SUP005,SKU050,66,2025-07-26,2025-07-31,66,23750.0,RECEIVED,28.0
PO002685,2025-08-02,SUP005,SKU050,66,2025-08-25,2025-08-25,66,23750.0,RECEIVED,23.0
PO002686,2025-08-21,SUP005,SKU050,66,2025-09-13,2025-09-10,66,23750.0,RECEIVED,20.0
PO002687,2023-10-06,SUP004,SKU051,384,2023-10-13,2023-10-14,384,44500.0,RECEIVED,8.0
PO002688,2023-10-11,SUP004,SKU051,384,2023-10-18,2023-10-16,384,44500.0,RECEIVED,5.0
PO002689,2024-04-03,SUP004,SKU051,384,2024-04-10,2024-04-11,384,44500.0,RECEIVED,8.0
PO002690,2024-07-26,SUP004,SKU051,384,2024-08-02,2024-07-31,265,44500.0,PARTIAL,5.0
PO002691,2024-10-01,SUP004,SKU051,384,2024-10-08,2024-10-06,384,44500.0,RECEIVED,5.0
PO002692,2025-04-07,SUP004,SKU051,384,2025-04-14,2025-04-14,384,44500.0,RECEIVED,7.0
PO002693,2023-10-12,SUP008,SKU052,234,2023-10-18,2023-10-20,234,34600.0,RECEIVED,8.0
PO002694,2023-10-15,SUP008,SKU052,288,2023-10-21,2023-10-19,189,34600.0,PARTIAL,4.0
PO002695,2023-10-21,SUP008,SKU052,234,2023-10-27,2023-10-25,234,34600.0,RECEIVED,4.0
PO002696,2023-10-24,SUP008,SKU052,234,2023-10-30,2023-11-02,234,34600.0,RECEIVED,9.0
PO002697,2023-10-30,SUP008,SKU052,252,2023-11-05,2023-11-04,252,34600.0,RECEIVED,5.0
PO002698,2023-11-07,SUP008,SKU052,234,2023-11-13,2023-11-12,234,34600.0,RECEIVED,5.0
PO002699,2023-11-09,SUP008,SKU052,234,2023-11-15,2023-11-15,234,34600.0,RECEIVED,6.0
PO002700,2023-11-18,SUP008,SKU052,234,2023-11-24,2023-11-23,234,34600.0,RECEIVED,5.0
PO002701,2023-11-19,SUP008,SKU052,234,2023-11-25,2023-12-03,234,34600.0,RECEIVED,14.0
PO002702,2023-11-27,SUP008,SKU052,234,2023-12-03,2023-11-30,234,34600.0,RECEIVED,3.0
PO002703,2023-12-02,SUP008,SKU052,276,2023-12-08,2023-12-06,276,34600.0,RECEIVED,4.0
PO002704,2023-12-07,SUP008,SKU052,234,2023-12-13,2023-12-14,234,34600.0,RECEIVED,7.0
PO002705,2023-12-10,SUP008,SKU052,234,2023-12-16,2023-12-17,234,34600.0,RECEIVED,7.0
PO002706,2023-12-18,SUP008,SKU052,234,2023-12-24,2023-12-22,234,34600.0,RECEIVED,4.0
PO002707,2023-12-19,SUP008,SKU052,258,2023-12-25,2023-12-30,258,34600.0,RECEIVED,11.0
PO002708,2023-12-26,SUP008,SKU052,234,2024-01-01,2023-12-31,234,34600.0,RECEIVED,5.0
PO002709,2024-01-01,SUP008,SKU052,258,2024-01-07,2024-01-06,258,34600.0,RECEIVED,5.0
PO002710,2024-01-04,SUP008,SKU052,234,2024-01-10,2024-01-09,234,34600.0,RECEIVED,5.0
PO002711,2024-01-09,SUP008,SKU052,258,2024-01-15,2024-01-14,258,34600.0,RECEIVED,5.0
PO002712,2024-01-17,SUP008,SKU052,234,2024-01-23,2024-01-22,234,34600.0,RECEIVED,5.0
PO002713,2024-01-18,SUP008,SKU052,264,2024-01-24,2024-01-30,264,34600.0,RECEIVED,12.0
PO002714,2024-01-29,SUP008,SKU052,234,2024-02-04,2024-02-06,234,34600.0,RECEIVED,8.0
PO002715,2024-02-02,SUP008,SKU052,270,2024-02-08,2024-02-08,270,34600.0,RECEIVED,6.0
PO002716,2024-02-10,SUP008,SKU052,234,2024-02-16,2024-02-14,234,34600.0,RECEIVED,4.0
PO002717,2024-02-12,SUP008,SKU052,264,2024-02-18,2024-02-20,264,34600.0,RECEIVED,8.0
PO002718,2024-02-24,SUP008,SKU052,234,2024-03-01,2024-02-29,234,34600.0,RECEIVED,5.0
PO002719,2024-02-24,SUP008,SKU052,234,2024-03-01,2024-02-29,234,34600.0,RECEIVED,5.0
PO002720,2024-03-05,SUP008,SKU052,234,2024-03-11,2024-03-10,234,34600.0,RECEIVED,5.0
PO002721,2024-03-08,SUP008,SKU052,234,2024-03-14,2024-03-16,234,34600.0,RECEIVED,8.0
PO002722,2024-03-13,SUP008,SKU052,378,2024-03-19,2024-03-21,378,34600.0,RECEIVED,8.0
PO002723,2024-03-19,SUP008,SKU052,234,2024-03-25,2024-03-25,234,34600.0,RECEIVED,6.0
PO002724,2024-03-26,SUP008,SKU052,240,2024-04-01,2024-04-01,240,34600.0,RECEIVED,6.0
PO002725,2024-03-29,SUP008,SKU052,234,2024-04-04,2024-04-02,234,34600.0,RECEIVED,4.0
PO002726,2024-04-02,SUP008,SKU052,234,2024-04-08,2024-04-08,234,34600.0,RECEIVED,6.0
PO002727,2024-04-08,SUP008,SKU052,234,2024-04-14,2024-04-12,234,34600.0,RECEIVED,4.0
PO002728,2024-04-09,SUP008,SKU052,234,2024-04-15,2024-04-15,234,34600.0,RECEIVED,6.0
PO002729,2024-04-16,SUP008,SKU052,234,2024-04-22,2024-04-20,185,34600.0,PARTIAL,4.0
PO002730,2024-04-20,SUP008,SKU052,234,2024-04-26,2024-04-24,143,34600.0,PARTIAL,4.0
PO002731,2024-04-22,SUP008,SKU052,246,2024-04-28,2024-05-02,246,34600.0,RECEIVED,10.0
PO002732,2024-05-03,SUP008,SKU052,234,2024-05-09,2024-05-08,234,34600.0,RECEIVED,5.0
PO002733,2024-05-06,SUP008,SKU052,252,2024-05-12,2024-05-09,252,34600.0,RECEIVED,3.0
PO002734,2024-05-16,SUP008,SKU052,234,2024-05-22,2024-05-26,234,34600.0,RECEIVED,10.0
PO002735,2024-05-21,SUP008,SKU052,234,2024-05-27,2024-05-26,234,34600.0,RECEIVED,5.0
PO002736,2024-06-01,SUP008,SKU052,234,2024-06-07,2024-06-15,234,34600.0,RECEIVED,14.0
PO002737,2024-06-06,SUP008,SKU052,234,2024-06-12,2024-06-12,234,34600.0,RECEIVED,6.0
PO002738,2024-06-22,SUP008,SKU052,234,2024-06-28,2024-06-27,234,34600.0,RECEIVED,5.0
PO002739,2024-06-24,SUP008,SKU052,234,2024-06-30,,0,34600.0,CANCELLED,
PO002740,2024-06-25,SUP008,SKU052,234,2024-07-01,2024-07-05,234,34600.0,RECEIVED,10.0
PO002741,2024-07-03,SUP008,SKU052,234,2024-07-09,2024-07-14,234,34600.0,RECEIVED,11.0
PO002742,2024-07-17,SUP008,SKU052,234,2024-07-23,2024-07-23,234,34600.0,RECEIVED,
PO002743,2024-07-19,SUP008,SKU052,234,2024-07-25,2024-07-24,234,34600.0,RECEIVED,5.0
PO002744,2024-07-29,SUP008,SKU052,234,2024-08-04,2024-08-04,234,34600.0,RECEIVED,6.0
PO002745,2024-08-01,SUP008,SKU052,234,2024-08-07,2024-08-16,234,34600.0,RECEIVED,15.0
PO002746,2024-08-08,SUP008,SKU052,234,2024-08-14,2024-08-13,234,34600.0,RECEIVED,5.0
PO002747,2024-08-17,SUP008,SKU052,234,2024-08-23,2024-08-23,234,34600.0,RECEIVED,6.0
PO002748,2024-08-28,SUP008,SKU052,234,2024-09-03,2024-09-02,234,34600.0,RECEIVED,5.0
PO002749,2024-08-28,SUP008,SKU052,234,2024-09-03,2024-09-03,234,34600.0,RECEIVED,
PO002750,2024-09-05,SUP008,SKU052,234,2024-09-11,2024-09-11,234,34600.0,RECEIVED,6.0
PO002751,2024-09-12,SUP008,SKU052,234,2024-09-18,2024-09-17,234,34600.0,RECEIVED,5.0
PO002752,2024-09-16,SUP008,SKU052,234,2024-09-22,2024-09-22,234,34600.0,RECEIVED,6.0
PO002753,2024-09-27,SUP008,SKU052,234,2024-10-03,2024-10-08,234,34600.0,RECEIVED,11.0
PO002754,2024-09-28,SUP008,SKU052,234,2024-10-04,2024-10-03,234,34600.0,RECEIVED,5.0
PO002755,2024-10-12,SUP008,SKU052,234,2024-10-18,2024-10-19,234,34600.0,RECEIVED,7.0
PO002756,2024-10-12,SUP008,SKU052,234,2024-10-18,2024-10-18,234,34600.0,RECEIVED,6.0
PO002757,2024-10-24,SUP008,SKU052,234,2024-10-30,2024-10-28,234,34600.0,RECEIVED,4.0
PO002758,2024-10-28,SUP008,SKU052,234,2024-11-03,2024-11-02,234,34600.0,RECEIVED,5.0
PO002759,2024-11-01,SUP008,SKU052,234,2024-11-07,2024-11-07,234,34600.0,RECEIVED,6.0
PO002760,2024-11-07,SUP008,SKU052,234,2024-11-13,2024-11-12,234,34600.0,RECEIVED,5.0
PO002761,2024-11-11,SUP008,SKU052,234,2024-11-17,2024-11-18,234,34600.0,RECEIVED,7.0
PO002762,2024-11-20,SUP008,SKU052,234,2024-11-26,2024-11-23,234,34600.0,RECEIVED,3.0
PO002763,2024-11-21,SUP008,SKU052,240,2024-11-27,2024-11-28,240,34600.0,RECEIVED,7.0
PO002764,2024-12-02,SUP008,SKU052,240,2024-12-08,2024-12-05,240,34600.0,RECEIVED,3.0
PO002765,2024-12-02,SUP008,SKU052,234,2024-12-08,2024-12-07,234,34600.0,RECEIVED,5.0
PO002766,2024-12-09,SUP008,SKU052,234,2024-12-15,2024-12-13,234,34600.0,RECEIVED,4.0
PO002767,2024-12-16,SUP008,SKU052,234,2024-12-22,2024-12-22,234,34600.0,RECEIVED,6.0
PO002768,2024-12-16,SUP008,SKU052,234,2024-12-22,2024-12-21,234,34600.0,RECEIVED,5.0
PO002769,2024-12-24,SUP008,SKU052,252,2024-12-30,2024-12-28,252,34600.0,RECEIVED,4.0
PO002770,2024-12-26,SUP008,SKU052,234,2025-01-01,2025-01-01,234,34600.0,RECEIVED,6.0
PO002771,2024-12-30,SUP008,SKU052,252,2025-01-05,2025-01-07,252,34600.0,RECEIVED,8.0
PO002772,2025-01-08,SUP008,SKU052,234,2025-01-14,2025-01-12,234,34600.0,RECEIVED,4.0
PO002773,2025-01-10,SUP008,SKU052,258,2025-01-16,2025-01-15,258,34600.0,RECEIVED,5.0
PO002774,2025-01-19,SUP008,SKU052,264,2025-01-25,2025-01-25,264,34600.0,RECEIVED,6.0
PO002775,2025-01-21,SUP008,SKU052,234,2025-01-27,2025-02-03,234,34600.0,RECEIVED,13.0
PO002776,2025-01-30,SUP008,SKU052,276,2025-02-05,2025-02-04,276,34600.0,RECEIVED,5.0
PO002777,2025-02-06,SUP008,SKU052,252,2025-02-12,2025-02-15,252,34600.0,RECEIVED,9.0
PO002778,2025-02-10,SUP008,SKU052,234,2025-02-16,2025-02-13,234,34600.0,RECEIVED,3.0
PO002779,2025-02-20,SUP008,SKU052,288,2025-02-26,2025-02-25,288,34600.0,RECEIVED,5.0
PO002780,2025-02-21,SUP008,SKU052,234,2025-02-27,2025-02-26,234,34600.0,RECEIVED,5.0
PO002781,2025-03-01,SUP008,SKU052,252,2025-03-07,2025-03-06,252,34600.0,RECEIVED,5.0
PO002782,2025-03-05,SUP008,SKU052,234,2025-03-11,2025-03-09,234,34600.0,RECEIVED,4.0
PO002783,2025-03-10,SUP008,SKU052,258,2025-03-16,2025-03-14,258,34600.0,RECEIVED,4.0
PO002784,2025-03-18,SUP008,SKU052,234,2025-03-24,2025-03-28,234,34600.0,RECEIVED,10.0
PO002785,2025-03-19,SUP008,SKU052,252,2025-03-25,2025-03-25,252,34600.0,RECEIVED,6.0
PO002786,2025-03-28,SUP008,SKU052,288,2025-04-03,2025-04-12,288,34600.0,RECEIVED,15.0
PO002787,2025-04-05,SUP008,SKU052,234,2025-04-11,2025-04-11,234,34600.0,RECEIVED,6.0
PO002788,2025-04-18,SUP008,SKU052,234,2025-04-24,2025-04-29,234,34600.0,RECEIVED,11.0
PO002789,2025-04-22,SUP008,SKU052,234,2025-04-28,2025-04-26,234,34600.0,RECEIVED,4.0
PO002790,2025-05-05,SUP008,SKU052,234,2025-05-11,2025-05-08,234,34600.0,RECEIVED,3.0
PO002791,2025-05-08,SUP008,SKU052,234,2025-05-14,2025-05-14,234,34600.0,RECEIVED,6.0
PO002792,2025-05-14,SUP008,SKU052,234,2025-05-20,2025-05-21,234,34600.0,RECEIVED,7.0
PO002793,2025-05-26,SUP008,SKU052,234,2025-06-01,2025-06-03,234,34600.0,RECEIVED,8.0
PO002794,2025-05-27,SUP008,SKU052,234,2025-06-02,2025-06-03,158,34600.0,PARTIAL,7.0
PO002795,2025-06-15,SUP008,SKU052,234,2025-06-21,2025-06-21,234,34600.0,RECEIVED,6.0
PO002796,2025-07-03,SUP008,SKU052,234,2025-07-09,2025-07-10,234,34600.0,RECEIVED,7.0
PO002797,2025-07-22,SUP008,SKU052,234,2025-07-28,2025-07-27,234,34600.0,RECEIVED,5.0
PO002798,2025-08-07,SUP008,SKU052,234,2025-08-13,2025-08-12,234,34600.0,RECEIVED,5.0
PO002799,2025-08-11,SUP008,SKU052,234,2025-08-17,2025-08-15,234,34600.0,RECEIVED,4.0
PO002800,2025-08-20,SUP008,SKU052,234,2025-08-26,2025-08-25,234,34600.0,RECEIVED,5.0
PO002801,2025-08-21,SUP008,SKU052,234,2025-08-27,2025-08-25,234,34600.0,RECEIVED,4.0
PO002802,2025-09-01,SUP008,SKU052,234,2025-09-07,2025-09-06,234,34600.0,RECEIVED,5.0
PO002803,2025-09-04,SUP008,SKU052,234,2025-09-10,2025-09-16,234,34600.0,RECEIVED,12.0
PO002804,2025-09-12,SUP008,SKU052,234,2025-09-18,2025-09-19,234,34600.0,RECEIVED,7.0
PO002805,2025-09-25,SUP008,SKU052,234,2025-10-01,2025-10-08,0,34600.0,OPEN,13.0
PO002806,2025-09-25,SUP008,SKU052,234,2025-10-01,,0,34600.0,CANCELLED,
PO002807,2025-09-26,SUP008,SKU052,234,2025-10-02,2025-10-01,0,34600.0,OPEN,5.0
PO002808,2023-10-14,SUP012,SKU053,240,2023-10-18,2023-10-27,240,14900.0,RECEIVED,13.0
PO002809,2023-10-16,SUP012,SKU053,156,2023-10-20,2023-10-30,156,14900.0,RECEIVED,14.0
PO002810,2023-10-19,SUP012,SKU053,216,2023-10-23,2023-10-23,216,14900.0,RECEIVED,4.0
PO002811,2023-10-20,SUP012,SKU053,144,2023-10-24,2023-10-23,144,14900.0,RECEIVED,3.0
PO002812,2023-10-27,SUP012,SKU053,288,2023-10-31,2023-10-31,288,14900.0,RECEIVED,4.0
PO002813,2023-10-27,SUP012,SKU053,156,2023-10-31,2023-10-31,156,14900.0,RECEIVED,4.0
PO002814,2023-11-01,SUP012,SKU053,240,2023-11-05,2023-11-04,240,14900.0,RECEIVED,3.0
PO002815,2023-11-02,SUP012,SKU053,144,2023-11-06,2023-11-15,144,14900.0,RECEIVED,13.0
PO002816,2023-11-06,SUP012,SKU053,492,2023-11-10,2023-11-09,492,14900.0,RECEIVED,3.0
PO002817,2023-11-06,SUP012,SKU053,240,2023-11-10,2023-11-09,240,14900.0,RECEIVED,3.0
PO002818,2023-11-11,SUP012,SKU053,288,2023-11-15,2023-11-14,288,14900.0,RECEIVED,3.0
PO002819,2023-11-15,SUP012,SKU053,168,2023-11-19,2023-11-19,168,14900.0,RECEIVED,4.0
PO002820,2023-11-18,SUP012,SKU053,288,2023-11-22,2023-11-22,288,14900.0,RECEIVED,4.0
PO002821,2023-11-21,SUP012,SKU053,156,2023-11-25,2023-11-24,156,14900.0,RECEIVED,3.0
PO002822,2023-11-24,SUP012,SKU053,312,2023-11-28,2023-11-26,312,14900.0,RECEIVED,2.0
PO002823,2023-11-27,SUP012,SKU053,156,2023-12-01,2023-12-08,156,14900.0,RECEIVED,11.0
PO002824,2023-12-02,SUP012,SKU053,240,2023-12-06,2023-12-14,240,14900.0,RECEIVED,12.0
PO002825,2023-12-04,SUP012,SKU053,180,2023-12-08,2023-12-08,180,14900.0,RECEIVED,4.0
PO002826,2023-12-06,SUP012,SKU053,276,2023-12-10,2023-12-08,276,14900.0,RECEIVED,2.0
PO002827,2023-12-08,SUP012,SKU053,324,2023-12-12,2023-12-10,324,14900.0,RECEIVED,2.0
PO002828,2023-12-08,SUP012,SKU053,192,2023-12-12,2023-12-11,192,14900.0,RECEIVED,3.0
PO002829,2023-12-13,SUP012,SKU053,276,2023-12-17,2023-12-16,276,14900.0,RECEIVED,3.0
PO002830,2023-12-13,SUP012,SKU053,168,2023-12-17,2023-12-17,168,14900.0,RECEIVED,4.0
PO002831,2023-12-17,SUP012,SKU053,276,2023-12-21,2023-12-20,276,14900.0,RECEIVED,3.0
PO002832,2023-12-17,SUP012,SKU053,168,2023-12-21,2023-12-21,168,14900.0,RECEIVED,4.0
PO002833,2023-12-20,SUP012,SKU053,288,2023-12-24,2023-12-22,288,14900.0,RECEIVED,2.0
PO002834,2023-12-20,SUP012,SKU053,192,2023-12-24,2023-12-24,192,14900.0,RECEIVED,4.0
PO002835,2023-12-23,SUP012,SKU053,348,2023-12-27,2023-12-28,348,14900.0,RECEIVED,5.0
PO002836,2023-12-23,SUP012,SKU053,204,2023-12-27,2023-12-26,204,14900.0,RECEIVED,3.0
PO002837,2023-12-27,SUP012,SKU053,300,2023-12-31,2023-12-29,300,14900.0,RECEIVED,2.0
PO002838,2023-12-28,SUP012,SKU053,228,2024-01-01,2024-01-01,228,14900.0,RECEIVED,4.0
PO002839,2024-01-01,SUP012,SKU053,348,2024-01-05,2024-01-10,348,14900.0,RECEIVED,9.0
PO002840,2024-01-01,SUP012,SKU053,192,2024-01-05,2024-01-08,192,14900.0,RECEIVED,7.0
PO002841,2024-01-05,SUP012,SKU053,204,2024-01-09,2024-01-17,204,14900.0,RECEIVED,12.0
PO002842,2024-01-09,SUP012,SKU053,324,2024-01-13,2024-01-12,324,14900.0,RECEIVED,3.0
PO002843,2024-01-10,SUP012,SKU053,204,2024-01-14,2024-01-15,204,14900.0,RECEIVED,5.0
PO002844,2024-01-14,SUP012,SKU053,312,2024-01-18,2024-01-17,312,14900.0,RECEIVED,3.0
PO002845,2024-01-18,SUP012,SKU053,324,2024-01-22,2024-01-21,324,14900.0,RECEIVED,3.0
PO002846,2024-01-18,SUP012,SKU053,216,2024-01-22,2024-01-22,216,14900.0,RECEIVED,4.0
PO002847,2024-01-23,SUP012,SKU053,408,2024-01-27,2024-01-26,408,14900.0,RECEIVED,3.0
PO002848,2024-01-23,SUP012,SKU053,228,2024-01-27,2024-01-26,228,14900.0,RECEIVED,3.0
PO002849,2024-01-29,SUP012,SKU053,348,2024-02-02,2024-02-03,348,14900.0,RECEIVED,5.0
PO002850,2024-01-29,SUP012,SKU053,228,2024-02-02,2024-01-31,228,14900.0,RECEIVED,2.0
PO002851,2024-02-04,SUP012,SKU053,336,2024-02-08,2024-02-07,336,14900.0,RECEIVED,3.0
PO002852,2024-02-04,SUP012,SKU053,216,2024-02-08,2024-02-05,216,14900.0,RECEIVED,1.0
PO002853,2024-02-10,SUP012,SKU053,360,2024-02-14,2024-02-15,360,14900.0,RECEIVED,5.0
PO002854,2024-02-10,SUP012,SKU053,204,2024-02-14,2024-02-14,204,14900.0,RECEIVED,4.0
PO002855,2024-02-15,SUP012,SKU053,336,2024-02-19,2024-02-18,336,14900.0,RECEIVED,3.0
PO002856,2024-02-15,SUP012,SKU053,204,2024-02-19,2024-02-19,204,14900.0,RECEIVED,4.0
PO002857,2024-02-21,SUP012,SKU053,336,2024-02-25,2024-02-25,336,14900.0,RECEIVED,4.0
PO002858,2024-02-21,SUP012,SKU053,204,2024-02-25,2024-02-27,204,14900.0,RECEIVED,6.0
PO002859,2024-02-26,SUP012,SKU053,192,2024-03-01,2024-03-01,192,14900.0,RECEIVED,4.0
PO002860,2024-02-27,SUP012,SKU053,372,2024-03-02,2024-03-01,372,14900.0,RECEIVED,3.0
PO002861,2024-02-29,SUP012,SKU053,192,2024-03-04,2024-03-03,192,14900.0,RECEIVED,3.0
PO002862,2024-03-02,SUP012,SKU053,336,2024-03-06,2024-03-07,336,14900.0,RECEIVED,5.0
PO002863,2024-03-06,SUP012,SKU053,216,2024-03-10,2024-03-08,216,14900.0,RECEIVED,2.0
PO002864,2024-03-07,SUP012,SKU053,756,2024-03-11,2024-03-11,756,14900.0,RECEIVED,4.0
PO002865,2024-03-07,SUP012,SKU053,252,2024-03-11,2024-03-11,252,14900.0,RECEIVED,4.0
PO002866,2024-03-13,SUP012,SKU053,216,2024-03-17,2024-03-16,216,14900.0,RECEIVED,3.0
PO002867,2024-03-15,SUP012,SKU053,468,2024-03-19,2024-03-18,468,14900.0,RECEIVED,3.0
PO002868,2024-03-16,SUP012,SKU053,216,2024-03-20,2024-03-22,216,14900.0,RECEIVED,6.0
PO002869,2024-03-20,SUP012,SKU053,360,2024-03-24,2024-03-23,360,14900.0,RECEIVED,3.0
PO002870,2024-03-22,SUP012,SKU053,240,2024-03-26,2024-03-26,240,14900.0,RECEIVED,4.0
PO002871,2024-03-24,SUP012,SKU053,360,2024-03-28,2024-03-29,360,14900.0,RECEIVED,5.0
PO002872,2024-03-27,SUP012,SKU053,240,2024-03-31,2024-04-02,240,14900.0,RECEIVED,6.0
PO002873,2024-03-28,SUP012,SKU053,408,2024-04-01,2024-04-02,408,14900.0,RECEIVED,5.0
PO002874,2024-03-31,SUP012,SKU053,240,2024-04-04,2024-04-02,240,14900.0,RECEIVED,2.0
PO002875,2024-04-02,SUP012,SKU053,348,2024-04-06,2024-04-07,348,14900.0,RECEIVED,5.0
PO002876,2024-04-05,SUP012,SKU053,264,2024-04-09,2024-04-09,264,14900.0,RECEIVED,4.0
PO002877,2024-04-06,SUP012,SKU053,432,2024-04-10,2024-04-09,432,14900.0,RECEIVED,3.0
PO002878,2024-04-11,SUP012,SKU053,372,2024-04-15,2024-04-16,372,14900.0,RECEIVED,5.0
PO002879,2024-04-11,SUP012,SKU053,264,2024-04-15,2024-04-14,264,14900.0,RECEIVED,3.0
PO002880,2024-04-16,SUP012,SKU053,360,2024-04-20,2024-04-17,360,14900.0,RECEIVED,1.0
PO002881,2024-04-17,SUP012,SKU053,252,2024-04-21,2024-04-19,252,14900.0,RECEIVED,2.0
PO002882,2024-04-19,SUP012,SKU053,480,2024-04-23,2024-04-23,480,14900.0,RECEIVED,4.0
PO002883,2024-04-20,SUP012,SKU053,264,2024-04-24,2024-04-23,264,14900.0,RECEIVED,3.0
PO002884,2024-04-26,SUP012,SKU053,384,2024-04-30,2024-05-03,384,14900.0,RECEIVED,7.0
PO002885,2024-04-27,SUP012,SKU053,252,2024-05-01,2024-05-01,252,14900.0,RECEIVED,4.0
PO002886,2024-05-02,SUP012,SKU053,384,2024-05-06,2024-05-06,384,14900.0,RECEIVED,4.0
PO002887,2024-05-04,SUP012,SKU053,228,2024-05-08,2024-05-06,228,14900.0,RECEIVED,2.0
PO002888,2024-05-13,SUP012,SKU053,348,2024-05-17,2024-05-16,348,14900.0,RECEIVED,3.0
PO002889,2024-05-15,SUP012,SKU053,240,2024-05-19,2024-05-18,240,14900.0,RECEIVED,3.0
PO002890,2024-05-17,SUP012,SKU053,372,2024-05-21,2024-05-20,372,14900.0,RECEIVED,3.0
PO002891,2024-05-21,SUP012,SKU053,228,2024-05-25,2024-05-23,228,14900.0,RECEIVED,2.0
PO002892,2024-05-26,SUP012,SKU053,324,2024-05-30,2024-06-04,324,14900.0,RECEIVED,9.0
PO002893,2024-05-28,SUP012,SKU053,192,2024-06-01,2024-06-02,192,14900.0,RECEIVED,5.0
PO002894,2024-05-31,SUP012,SKU053,324,2024-06-04,2024-06-04,324,14900.0,RECEIVED,4.0
PO002895,2024-06-03,SUP012,SKU053,192,2024-06-07,2024-06-07,192,14900.0,RECEIVED,4.0
PO002896,2024-06-09,SUP012,SKU053,312,2024-06-13,2024-06-12,312,14900.0,RECEIVED,3.0
PO002897,2024-06-10,SUP012,SKU053,204,2024-06-14,2024-06-13,204,14900.0,RECEIVED,3.0
PO002898,2024-06-13,SUP012,SKU053,312,2024-06-17,2024-06-18,312,14900.0,RECEIVED,5.0
PO002899,2024-06-15,SUP012,SKU053,192,2024-06-19,2024-06-19,192,14900.0,RECEIVED,4.0
PO002900,2024-06-22,SUP012,SKU053,276,2024-06-26,2024-06-24,276,14900.0,RECEIVED,2.0
PO002901,2024-06-23,SUP012,SKU053,156,2024-06-27,2024-06-25,156,14900.0,RECEIVED,2.0
PO002902,2024-06-28,SUP012,SKU053,312,2024-07-02,2024-07-07,312,14900.0,RECEIVED,9.0
PO002903,2024-06-28,SUP012,SKU053,168,2024-07-02,2024-07-02,168,14900.0,RECEIVED,4.0
PO002904,2024-07-04,SUP012,SKU053,144,2024-07-08,2024-07-08,144,14900.0,RECEIVED,4.0
PO002905,2024-07-07,SUP012,SKU053,264,2024-07-11,2024-07-12,264,14900.0,RECEIVED,5.0
PO002906,2024-07-09,SUP012,SKU053,144,2024-07-13,2024-07-12,144,14900.0,RECEIVED,3.0
PO002907,2024-07-13,SUP012,SKU053,264,2024-07-17,2024-07-17,264,14900.0,RECEIVED,4.0
PO002908,2024-07-17,SUP012,SKU053,180,2024-07-21,2024-07-19,104,14900.0,PARTIAL,2.0
PO002909,2024-07-19,SUP012,SKU053,240,2024-07-23,2024-07-22,240,14900.0,RECEIVED,3.0
PO002910,2024-07-22,SUP012,SKU053,156,2024-07-26,2024-07-26,156,14900.0,RECEIVED,4.0
PO002911,2024-07-24,SUP012,SKU053,252,2024-07-28,2024-07-26,252,14900.0,RECEIVED,2.0
PO002912,2024-07-29,SUP012,SKU053,156,2024-08-02,2024-08-06,156,14900.0,RECEIVED,8.0
PO002913,2024-07-31,SUP012,SKU053,264,2024-08-04,2024-08-03,264,14900.0,RECEIVED,3.0
PO002914,2024-08-05,SUP012,SKU053,228,2024-08-09,2024-08-08,228,14900.0,RECEIVED,3.0
PO002915,2024-08-08,SUP012,SKU053,156,2024-08-12,2024-08-11,156,14900.0,RECEIVED,3.0
PO002916,2024-08-10,SUP012,SKU053,240,2024-08-14,2024-08-13,240,14900.0,RECEIVED,3.0
PO002917,2024-08-13,SUP012,SKU053,132,2024-08-17,2024-08-17,132,14900.0,RECEIVED,4.0
PO002918,2024-08-15,SUP012,SKU053,228,2024-08-19,2024-08-26,228,14900.0,RECEIVED,11.0
PO002919,2024-08-19,SUP012,SKU053,132,2024-08-23,2024-08-28,132,14900.0,RECEIVED,9.0
PO002920,2024-08-20,SUP012,SKU053,228,2024-08-24,2024-08-24,228,14900.0,RECEIVED,4.0
PO002921,2024-08-30,SUP012,SKU053,216,2024-09-03,2024-09-02,216,14900.0,RECEIVED,3.0
PO002922,2024-08-31,SUP012,SKU053,156,2024-09-04,2024-09-03,156,14900.0,RECEIVED,3.0
PO002923,2024-09-05,SUP012,SKU053,240,2024-09-09,2024-09-10,240,14900.0,RECEIVED,5.0
PO002924,2024-09-06,SUP012,SKU053,132,2024-09-10,2024-09-10,132,14900.0,RECEIVED,4.0
PO002925,2024-09-11,SUP012,SKU053,240,2024-09-15,2024-09-15,240,14900.0,RECEIVED,4.0
PO002926,2024-09-12,SUP012,SKU053,144,2024-09-16,2024-09-14,144,14900.0,RECEIVED,2.0
PO002927,2024-09-16,SUP012,SKU053,276,2024-09-20,2024-09-20,276,14900.0,RECEIVED,4.0
PO002928,2024-09-16,SUP012,SKU053,156,2024-09-20,2024-09-20,156,14900.0,RECEIVED,4.0
PO002929,2024-09-20,SUP012,SKU053,228,2024-09-24,2024-09-23,228,14900.0,RECEIVED,3.0
PO002930,2024-09-21,SUP012,SKU053,132,2024-09-25,2024-09-25,132,14900.0,RECEIVED,4.0
PO002931,2024-09-25,SUP012,SKU053,252,2024-09-29,2024-10-08,252,14900.0,RECEIVED,13.0
PO002932,2024-09-26,SUP012,SKU053,144,2024-09-30,2024-09-29,144,14900.0,RECEIVED,3.0
PO002933,2024-10-01,SUP012,SKU053,156,2024-10-05,2024-10-05,156,14900.0,RECEIVED,4.0
PO002934,2024-10-04,SUP012,SKU053,216,2024-10-08,2024-10-08,216,14900.0,RECEIVED,4.0
PO002935,2024-10-07,SUP012,SKU053,216,2024-10-11,2024-10-10,216,14900.0,RECEIVED,3.0
PO002936,2024-10-12,SUP012,SKU053,240,2024-10-16,2024-10-15,240,14900.0,RECEIVED,3.0
PO002937,2024-10-16,SUP012,SKU053,144,2024-10-20,2024-10-20,144,14900.0,RECEIVED,4.0
PO002938,2024-10-19,SUP012,SKU053,240,2024-10-23,2024-10-22,240,14900.0,RECEIVED,3.0
PO002939,2024-10-22,SUP012,SKU053,144,2024-10-26,2024-10-24,144,14900.0,RECEIVED,2.0
PO002940,2024-10-26,SUP012,SKU053,240,2024-10-30,2024-10-31,240,14900.0,RECEIVED,5.0
PO002941,2024-10-28,SUP012,SKU053,156,2024-11-01,2024-10-31,112,14900.0,PARTIAL,3.0
PO002942,2024-10-31,SUP012,SKU053,240,2024-11-04,2024-11-02,240,14900.0,RECEIVED,2.0
PO002943,2024-11-04,SUP012,SKU053,180,2024-11-08,2024-11-06,180,14900.0,RECEIVED,2.0
PO002944,2024-11-05,SUP012,SKU053,228,2024-11-09,2024-11-08,228,14900.0,RECEIVED,3.0
PO002945,2024-11-08,SUP012,SKU053,252,2024-11-12,2024-11-10,252,14900.0,RECEIVED,2.0
PO002946,2024-11-08,SUP012,SKU053,144,2024-11-12,2024-11-12,144,14900.0,RECEIVED,4.0
PO002947,2024-11-13,SUP012,SKU053,324,2024-11-17,2024-11-18,246,14900.0,PARTIAL,5.0
PO002948,2024-11-13,SUP012,SKU053,156,2024-11-17,2024-11-17,156,14900.0,RECEIVED,4.0
PO002949,2024-11-18,SUP012,SKU053,228,2024-11-22,2024-11-29,228,14900.0,RECEIVED,11.0
PO002950,2024-11-20,SUP012,SKU053,144,2024-11-24,2024-11-23,111,14900.0,PARTIAL,3.0
PO002951,2024-11-26,SUP012,SKU053,132,2024-11-30,2024-12-06,132,14900.0,RECEIVED,10.0
PO002952,2024-11-28,SUP012,SKU053,276,2024-12-02,,0,14900.0,CANCELLED,
PO002953,2024-11-29,SUP012,SKU053,396,2024-12-03,2024-12-01,396,14900.0,RECEIVED,2.0
PO002954,2024-12-04,SUP012,SKU053,312,2024-12-08,2024-12-14,312,14900.0,RECEIVED,10.0
PO002955,2024-12-08,SUP012,SKU053,156,2024-12-12,2024-12-11,156,14900.0,RECEIVED,3.0
PO002956,2024-12-14,SUP012,SKU053,168,2024-12-18,2024-12-17,168,14900.0,RECEIVED,3.0
PO002957,2024-12-15,SUP012,SKU053,276,2024-12-19,2024-12-17,276,14900.0,RECEIVED,2.0
PO002958,2024-12-19,SUP012,SKU053,288,2024-12-23,2024-12-22,288,14900.0,RECEIVED,3.0
PO002959,2024-12-19,SUP012,SKU053,192,2024-12-23,2024-12-22,192,14900.0,RECEIVED,3.0
PO002960,2024-12-24,SUP012,SKU053,312,2024-12-28,2024-12-26,312,14900.0,RECEIVED,2.0
PO002961,2024-12-25,SUP012,SKU053,168,2024-12-29,2024-12-29,168,14900.0,RECEIVED,4.0
PO002962,2024-12-28,SUP012,SKU053,348,2025-01-01,2025-01-02,348,14900.0,RECEIVED,5.0
PO002963,2024-12-31,SUP012,SKU053,228,2025-01-04,2025-01-03,228,14900.0,RECEIVED,3.0
PO002964,2025-01-02,SUP012,SKU053,516,2025-01-06,2025-01-06,516,14900.0,RECEIVED,4.0
PO002965,2025-01-04,SUP012,SKU053,216,2025-01-08,2025-01-08,216,14900.0,RECEIVED,4.0
PO002966,2025-01-07,SUP012,SKU053,312,2025-01-11,2025-01-11,234,14900.0,PARTIAL,4.0
PO002967,2025-01-11,SUP012,SKU053,192,2025-01-15,2025-01-20,192,14900.0,RECEIVED,9.0
PO002968,2025-01-13,SUP012,SKU053,360,2025-01-17,2025-01-16,360,14900.0,RECEIVED,3.0
PO002969,2025-01-17,SUP012,SKU053,348,2025-01-21,2025-01-20,348,14900.0,RECEIVED,3.0
PO002970,2025-01-20,SUP012,SKU053,228,2025-01-24,2025-01-23,228,14900.0,RECEIVED,3.0
PO002971,2025-01-21,SUP012,SKU053,408,2025-01-25,,0,14900.0,CANCELLED,
PO002972,2025-01-22,SUP012,SKU053,696,2025-01-26,2025-01-25,696,14900.0,RECEIVED,3.0
PO002973,2025-01-25,SUP012,SKU053,240,2025-01-29,2025-01-29,240,14900.0,RECEIVED,4.0
PO002974,2025-02-01,SUP012,SKU053,372,2025-02-05,2025-02-13,372,14900.0,RECEIVED,12.0
PO002975,2025-02-02,SUP012,SKU053,204,2025-02-06,2025-02-06,204,14900.0,RECEIVED,4.0
PO002976,2025-02-08,SUP012,SKU053,204,2025-02-12,2025-02-11,204,14900.0,RECEIVED,3.0
PO002977,2025-02-13,SUP012,SKU053,372,2025-02-17,2025-02-16,372,14900.0,RECEIVED,
PO002978,2025-02-13,SUP012,SKU053,252,2025-02-17,2025-02-16,252,14900.0,RECEIVED,3.0
PO002979,2025-02-19,SUP012,SKU053,372,2025-02-23,2025-02-23,372,14900.0,RECEIVED,4.0
PO002980,2025-02-19,SUP012,SKU053,216,2025-02-23,2025-02-22,216,14900.0,RECEIVED,3.0
PO002981,2025-02-24,SUP012,SKU053,384,2025-02-28,2025-03-02,384,14900.0,RECEIVED,6.0
PO002982,2025-02-24,SUP012,SKU053,228,2025-02-28,2025-02-28,228,14900.0,RECEIVED,4.0
PO002983,2025-03-01,SUP012,SKU053,264,2025-03-05,2025-03-03,264,14900.0,RECEIVED,2.0
PO002984,2025-03-03,SUP012,SKU053,432,2025-03-07,2025-03-12,432,14900.0,RECEIVED,9.0
PO002985,2025-03-06,SUP012,SKU053,264,2025-03-10,2025-03-10,264,14900.0,RECEIVED,4.0
PO002986,2025-03-13,SUP012,SKU053,408,2025-03-17,2025-03-15,408,14900.0,RECEIVED,2.0
PO002987,2025-03-13,SUP012,SKU053,264,2025-03-17,2025-03-16,209,14900.0,PARTIAL,3.0
PO002988,2025-03-18,SUP012,SKU053,360,2025-03-22,2025-03-22,360,14900.0,RECEIVED,4.0
PO002989,2025-03-19,SUP012,SKU053,240,2025-03-23,2025-03-23,240,14900.0,RECEIVED,4.0
PO002990,2025-03-22,SUP012,SKU053,456,2025-03-26,,0,14900.0,CANCELLED,
PO002991,2025-03-23,SUP012,SKU053,432,2025-03-27,,0,14900.0,CANCELLED,
PO002992,2025-03-24,SUP012,SKU053,528,2025-03-28,2025-03-26,528,14900.0,RECEIVED,2.0
PO002993,2025-03-26,SUP012,SKU053,228,2025-03-30,2025-03-30,228,14900.0,RECEIVED,4.0
PO002994,2025-03-28,SUP012,SKU053,432,2025-04-01,2025-04-04,432,14900.0,RECEIVED,7.0
PO002995,2025-04-04,SUP012,SKU053,240,2025-04-08,2025-04-09,240,14900.0,RECEIVED,5.0
PO002996,2025-04-07,SUP012,SKU053,360,2025-04-11,2025-04-10,360,14900.0,RECEIVED,3.0
PO002997,2025-04-13,SUP012,SKU053,432,2025-04-17,2025-04-17,432,14900.0,RECEIVED,4.0
PO002998,2025-04-13,SUP012,SKU053,264,2025-04-17,2025-04-18,264,14900.0,RECEIVED,5.0
PO002999,2025-04-22,SUP012,SKU053,384,2025-04-26,2025-04-25,384,14900.0,RECEIVED,3.0
PO003000,2025-04-24,SUP012,SKU053,264,2025-04-28,2025-04-28,264,14900.0,RECEIVED,4.0
PO003001,2025-04-27,SUP012,SKU053,360,2025-05-01,2025-05-01,360,14900.0,RECEIVED,4.0
PO003002,2025-05-04,SUP012,SKU053,348,2025-05-08,2025-05-07,348,14900.0,RECEIVED,3.0
PO003003,2025-05-05,SUP012,SKU053,216,2025-05-09,2025-05-08,216,14900.0,RECEIVED,3.0
PO003004,2025-05-09,SUP012,SKU053,348,2025-05-13,2025-05-12,348,14900.0,RECEIVED,3.0
PO003005,2025-05-13,SUP012,SKU053,228,2025-05-17,2025-05-18,228,14900.0,RECEIVED,5.0
PO003006,2025-05-14,SUP012,SKU053,336,2025-05-18,2025-05-18,336,14900.0,RECEIVED,4.0
PO003007,2025-05-22,SUP012,SKU053,324,2025-05-26,2025-05-26,324,14900.0,RECEIVED,4.0
PO003008,2025-05-24,SUP012,SKU053,192,2025-05-28,2025-06-06,192,14900.0,RECEIVED,13.0
PO003009,2025-05-28,SUP012,SKU053,312,2025-06-01,2025-06-01,312,14900.0,RECEIVED,4.0
PO003010,2025-06-02,SUP012,SKU053,432,2025-06-06,2025-06-11,432,14900.0,RECEIVED,9.0
PO003011,2025-06-11,SUP012,SKU053,204,2025-06-15,2025-06-14,204,14900.0,RECEIVED,3.0
PO003012,2025-06-15,SUP012,SKU053,288,2025-06-19,2025-06-17,288,14900.0,RECEIVED,2.0
PO003013,2025-06-20,SUP012,SKU053,192,2025-06-24,2025-06-24,192,14900.0,RECEIVED,4.0
PO003014,2025-06-21,SUP012,SKU053,324,2025-06-25,2025-07-04,324,14900.0,RECEIVED,13.0
PO003015,2025-07-01,SUP012,SKU053,180,2025-07-05,2025-07-05,180,14900.0,RECEIVED,4.0
PO003016,2025-07-08,SUP012,SKU053,300,2025-07-12,2025-07-13,300,14900.0,RECEIVED,5.0
PO003017,2025-07-10,SUP012,SKU053,156,2025-07-14,2025-07-14,156,14900.0,RECEIVED,4.0
PO003018,2025-07-16,SUP012,SKU053,312,2025-07-20,,0,14900.0,CANCELLED,
PO003019,2025-07-17,SUP012,SKU053,360,2025-07-21,2025-07-19,360,14900.0,RECEIVED,2.0
PO003020,2025-07-25,SUP012,SKU053,240,2025-07-29,2025-07-29,240,14900.0,RECEIVED,4.0
PO003021,2025-08-02,SUP012,SKU053,204,2025-08-06,2025-08-05,204,14900.0,RECEIVED,3.0
PO003022,2025-08-08,SUP012,SKU053,240,2025-08-12,2025-08-19,240,14900.0,RECEIVED,11.0
PO003023,2025-08-22,SUP012,SKU053,216,2025-08-26,2025-08-27,216,14900.0,RECEIVED,5.0
PO003024,2025-08-30,SUP012,SKU053,192,2025-09-03,2025-09-02,192,14900.0,RECEIVED,3.0
PO003025,2025-09-05,SUP012,SKU053,204,2025-09-09,2025-09-09,204,14900.0,RECEIVED,4.0
PO003026,2025-09-15,SUP012,SKU053,204,2025-09-19,2025-09-17,204,14900.0,RECEIVED,2.0
PO003027,2025-09-20,SUP012,SKU053,204,2025-09-24,2025-09-23,204,14900.0,RECEIVED,3.0
PO003028,2025-09-29,SUP012,SKU053,240,2025-10-03,2025-10-03,0,14900.0,OPEN,4.0
PO003029,2023-10-01,SUP011,SKU054,912,2023-11-06,2023-11-18,912,40700.0,RECEIVED,48.0
PO003030,2023-10-01,SUP011,SKU054,498,2023-11-06,2023-11-03,498,40700.0,RECEIVED,33.0
PO003031,2023-11-15,SUP011,SKU054,390,2023-12-21,2023-12-26,390,40700.0,RECEIVED,41.0
PO003032,2023-12-12,SUP011,SKU054,576,2024-01-17,2024-01-26,576,40700.0,RECEIVED,45.0
PO003033,2023-12-27,SUP011,SKU054,372,2024-02-01,2024-02-08,372,40700.0,RECEIVED,43.0
PO003034,2024-01-15,SUP011,SKU054,624,2024-02-20,2024-03-06,624,40700.0,RECEIVED,51.0
PO003035,2024-02-07,SUP011,SKU054,384,2024-03-14,2024-03-19,384,40700.0,RECEIVED,41.0
PO003036,2024-02-26,SUP011,SKU054,666,2024-04-02,2024-03-30,666,40700.0,RECEIVED,33.0
PO003037,2024-03-08,SUP011,SKU054,396,2024-04-13,2024-04-10,396,40700.0,RECEIVED,33.0
PO003038,2024-03-18,SUP011,SKU054,762,2024-04-23,2024-04-28,762,40700.0,RECEIVED,41.0
PO003039,2024-03-29,SUP011,SKU054,540,2024-05-04,2024-05-08,540,40700.0,RECEIVED,40.0
PO003040,2024-04-13,SUP011,SKU054,930,2024-05-19,2024-05-16,930,40700.0,RECEIVED,33.0
PO003041,2024-05-06,SUP011,SKU054,600,2024-06-11,2024-06-08,600,40700.0,RECEIVED,33.0
PO003042,2024-06-19,SUP011,SKU054,780,2024-07-25,2024-07-22,780,40700.0,RECEIVED,33.0
PO003043,2024-07-12,SUP011,SKU054,456,2024-08-17,2024-09-06,456,40700.0,RECEIVED,56.0
PO003044,2024-07-26,SUP011,SKU054,828,2024-08-31,2024-08-29,828,40700.0,RECEIVED,34.0
PO003045,2024-08-13,SUP011,SKU054,510,2024-09-18,2024-09-15,510,40700.0,RECEIVED,33.0
PO003046,2024-09-02,SUP011,SKU054,828,2024-10-08,2024-10-09,828,40700.0,RECEIVED,37.0
PO003047,2024-10-23,SUP011,SKU054,432,2024-11-28,2024-11-27,432,40700.0,RECEIVED,35.0
PO003048,2024-10-24,SUP011,SKU054,720,2024-11-29,2024-12-11,720,40700.0,RECEIVED,48.0
PO003049,2024-12-11,SUP011,SKU054,432,2025-01-16,2025-01-27,432,40700.0,RECEIVED,47.0
PO003050,2024-12-13,SUP011,SKU054,654,2025-01-18,2025-01-20,654,40700.0,RECEIVED,38.0
PO003051,2025-01-13,SUP011,SKU054,774,2025-02-18,2025-02-16,774,40700.0,RECEIVED,34.0
PO003052,2025-01-13,SUP011,SKU054,456,2025-02-18,2025-02-15,456,40700.0,RECEIVED,33.0
PO003053,2025-03-04,SUP011,SKU054,714,2025-04-09,2025-04-06,714,40700.0,RECEIVED,33.0
PO003054,2025-03-05,SUP011,SKU054,546,2025-04-10,2025-04-09,452,40700.0,PARTIAL,35.0
PO003055,2025-03-21,SUP011,SKU054,840,2025-04-26,2025-04-26,840,40700.0,RECEIVED,36.0
PO003056,2025-04-03,SUP011,SKU054,564,2025-05-09,2025-05-06,564,40700.0,RECEIVED,33.0
PO003057,2025-05-19,SUP011,SKU054,780,2025-06-24,,0,40700.0,CANCELLED,
PO003058,2025-05-20,SUP011,SKU054,774,2025-06-25,2025-06-22,774,40700.0,RECEIVED,33.0
PO003059,2025-05-29,SUP011,SKU054,480,2025-07-04,2025-07-06,480,40700.0,RECEIVED,38.0
PO003060,2025-06-19,SUP011,SKU054,870,2025-07-25,2025-08-02,870,40700.0,RECEIVED,44.0
PO003061,2025-07-09,SUP011,SKU054,510,2025-08-14,2025-08-11,510,40700.0,RECEIVED,33.0
PO003062,2025-08-06,SUP011,SKU054,828,2025-09-11,2025-09-14,828,40700.0,RECEIVED,39.0
PO003063,2025-08-26,SUP011,SKU054,468,2025-10-01,2025-10-08,0,40700.0,OPEN,43.0
PO003064,2025-09-28,SUP011,SKU054,678,2025-11-03,2025-11-03,0,40700.0,PARTIAL,36.0
PO003065,2023-10-05,SUP010,SKU055,576,2023-10-16,2023-10-19,576,23000.0,RECEIVED,14.0
PO003066,2023-10-09,SUP010,SKU055,576,2023-10-20,2023-10-19,576,23000.0,RECEIVED,10.0
PO003067,2024-02-09,SUP010,SKU055,576,2024-02-20,2024-02-19,576,23000.0,RECEIVED,10.0
PO003068,2024-04-17,SUP010,SKU055,576,2024-04-28,2024-04-28,576,23000.0,RECEIVED,11.0
PO003069,2024-05-29,SUP010,SKU055,576,2024-06-09,2024-06-07,576,23000.0,RECEIVED,9.0
PO003070,2024-10-02,SUP010,SKU055,576,2024-10-13,2024-10-12,576,23000.0,RECEIVED,10.0
PO003071,2024-11-06,SUP010,SKU055,576,2024-11-17,2024-11-14,576,23000.0,RECEIVED,8.0
PO003072,2025-02-04,SUP010,SKU055,576,2025-02-15,2025-02-16,405,23000.0,PARTIAL,12.0
PO003073,2025-06-02,SUP010,SKU055,576,2025-06-13,2025-06-23,576,23000.0,RECEIVED,21.0
